num,A0,A1,A2,A3,x,y,z,label
0,1016.931217,4782.857143,4552.962963,6298.994709,50,50,88,1
1,1338.424658,4920.136986,4109.178082,5943.561644,50,100,88,1
2,1783.79085,5033.464052,3605.882353,5619.150327,50,150,88,1
3,2253.617021,5218.56383,3085.159574,5322.819149,50,200,88,1
4,2727.142857,5370.285714,2600.142857,5033.238095,50,250,88,1
5,3212.8,5665.2,2149.911111,4832.577778,50,300,88,1
6,3764.530612,5958.285714,1699.387755,4635.020408,50,350,88,1
7,4236.472868,6332.51938,1286.24031,4486.046512,50,400,88,1
8,4728.550725,6657.439614,1019.806763,4403.381643,50,450,88,1
9,4805.904255,6260.425532,1296.382979,3962.340426,100,450,88,1
10,4343.461538,5914.230769,1567.884615,3976.778846,100,400,88,1
11,3849.636364,5580.136364,1882.636364,4141.363636,100,350,88,1
12,3345.263158,5268.815789,2300.131579,4344.144737,100,300,88,1
13,2887.876712,4925.684932,2772.739726,4612.123288,100,250,88,1
14,2360.48,4751.52,3241.44,4925.36,100,200,88,1
15,1989.901961,4569.068627,3763.039216,5220.392157,100,150,88,1
16,1609.425676,4375.608108,4208.175676,5590.067568,100,100,88,1
17,1366.899225,4304.96124,4657.751938,5969.806202,100,50,88,1
18,1776.685393,3821.910112,4816.741573,5619.269663,150,50,88,1
19,2049.3125,3881.6875,4352.75,5240.5625,150,100,88,1
20,2319.122807,4066.140351,3909.473684,4865.672515,150,150,88,1
21,2681.550388,4300.542636,3463.023256,4537.984496,150,200,88,1
22,3058.80597,4569.776119,3014.626866,4210.074627,150,250,88,1
23,3518.809524,4907.857143,2598.968254,3874.444444,150,300,88,1
24,3984.172662,5211.223022,2259.640288,3719.71223,150,350,88,1
25,4473.558282,5656.134969,1932.883436,3587.361963,150,400,88,1
26,4931.822917,5978.020833,1753.28125,3449.375,150,450,88,1
27,5086.271186,5707.740113,2177.231638,2956.723164,200,450,88,1
28,4688.691589,5314.766355,2360.093458,3109.439252,200,400,88,1
29,4251.8,4945.333333,2632.933333,3285.066667,200,350,88,1
30,3817.916667,4306.011905,3125.595238,3553.154762,200,300,88,1
31,3355.783784,3955.189189,3531.891892,3870.972973,200,250,88,1
32,3020.153846,3630.871795,3950.666667,4229.282051,200,200,88,1
33,2701.89781,3379.489051,4386.49635,4557.226277,200,150,88,1
34,2431.22905,3178.715084,4811.005587,4955.75419,200,100,88,1
35,2239.93311,3051.73913,5259.665552,5383.67893,200,50,88,1
36,2702.715232,2584.701987,5512.317881,5128.476821,250,50,88,1
37,2893.251534,2716.380368,5045.521472,4705.705521,250,100,88,1
38,3089.253731,2913.358209,4598.283582,4317.910448,250,150,88,1
39,3392.769231,3217.846154,4230.358974,3910.102564,250,200,88,1
40,3720,3565.614035,3851.140351,3521.315789,250,250,88,1
41,4107.124183,3962.614379,3542.352941,3164.901961,250,300,88,1
42,4541.022727,4381.704545,3253.75,2849.090909,250,350,88,1
43,4947.889447,4800.050251,3056.984925,2617.939698,250,400,88,1
44,5369.057971,5231.594203,2898.913043,2478.985507,250,450,88,1
45,5640.909091,4960.779221,3351.363636,1958.116883,300,450,88,1
46,5278.058824,4508.058824,3499.823529,2154,300,400,88,1
47,4863.895349,4085.988372,3656.395349,2428.313953,300,350,88,1
48,4484.913295,3616.011561,3883.757225,2792.312139,300,300,88,1
49,4159.242424,3265.050505,4143.636364,3164.444444,300,250,88,1
50,3823.333333,2902.439024,4487.886179,3679.837398,300,200,88,1
51,3541.171171,2627.207207,4804.864865,4111.351351,300,150,88,1
52,3304.384615,2363.461538,5273.076923,4457.538462,300,100,88,1
53,3170.308642,2242.283951,5746.975309,5019.506173,300,50,88,1
54,3653.464052,1766.601307,6027.45098,4789.019608,350,50,88,1
55,3749.640288,1978.057554,5592.805755,4315.971223,350,100,88,1
56,3933.16129,2261.741935,5203.16129,3848.516129,350,150,88,1
57,4156.845238,2630.119048,4877.321429,3407.142857,350,200,88,1
58,4446.484375,3053.90625,4543.203125,2918.515625,350,250,88,1
59,4765.606061,3485.378788,4283.787879,2463.484848,350,300,88,1
60,5145,3915.774648,3772.605634,2276.760563,350,350,88,1
61,5569.230769,4351.615385,3583.461538,2003,350,400,88,1
62,5936.18705,4808.561151,3533.669065,1838.776978,350,450,88,1
63,6273.614458,4682.710843,4022.409639,1370.903614,400,450,88,1
64,5862.702703,4129.391892,4166.959459,1686.824324,400,400,88,1
65,5522.732558,3714.360465,4345.872093,2007.267442,400,350,88,1
66,5256.090909,3216.636364,4526.090909,2436.636364,400,300,88,1
67,4961.677419,2795.419355,4723.032258,2907.548387,400,250,88,1
68,4645.380711,2368.730964,5018.781726,3480.913706,400,200,88,1
69,4470,1980.650407,5305.609756,3902.357724,400,150,88,1
70,4303.190184,1633.619632,5708.588957,4373.680982,400,100,88,1
71,4142.153846,1349.153846,6053.461538,4884.153846,400,50,88,1
72,4660.787879,1060.242424,6387.878788,4782.181818,450,50,88,1
73,4736.926606,1338.119266,6033.440367,4258.807339,450,100,88,1
74,4894.46281,1783.22314,5709.504132,3809.090909,450,150,88,1
75,5081.237113,2218.350515,5423.402062,3297.938144,450,200,88,1
76,5354.318182,2664.090909,5183.787879,2746.742424,450,250,88,1
77,5609.674797,3208.455285,4907.235772,2227.560976,450,300,88,1
78,5912.631579,3683.508772,4738.157895,1751.929825,450,350,88,1
79,6268.294574,4123.79845,4622.713178,1303.72093,450,400,88,1
80,6685.5,4631.083333,4576,898.9166667,450,450,88,1
81,817.3202614,4784.117647,4388.039216,6450.980392,50,50,130,1
82,1220.753769,4899.497487,3973.567839,6063.919598,50,100,130,1
83,1483.842105,5002.315789,3421.842105,5878.473684,50,150,130,1
84,2661.542056,4986.869159,2924.345794,5622.990654,50,200,130,1
85,2495.897436,5178.888889,2594.358974,5325.641026,50,250,130,1
86,3066.313559,5599.025424,1966.440678,5115.847458,50,300,130,1
87,3651.330049,5979.704433,1406.502463,4659.605911,50,350,130,1
88,4293.913043,6110.76087,992.6086957,4777.01087,50,400,130,1
89,4553.940678,6464.152542,822.1610169,4634.618644,50,450,130,1
90,4601.690141,6304.049296,1016.443662,4115.352113,100,450,130,1
91,4064.827586,5937.413793,1263.908046,4375.45977,100,400,130,1
92,3854.831081,5344.054054,1671.317568,4410.540541,100,350,130,1
93,3125.307018,5145.789474,2145.438596,4542.5,100,300,130,1
94,2928.21256,4897.487923,2581.78744,4711.014493,100,250,130,1
95,2298.52,4530.96,3071.72,5292.72,100,200,130,1
96,1696.5,4561.863636,3602.272727,5563.090909,100,150,130,1
97,1260.032362,4365.533981,4062.038835,5718.252427,100,100,130,1
98,1158.921933,4091.561338,4522.081784,6265.873606,100,50,130,1
99,1512.072072,3651.981982,4827.702703,5702.567568,150,50,130,1
100,1932.105263,3713.245614,4235.701754,5309.692982,150,100,130,1
101,2037.347826,3917,3746.304348,5223.043478,150,150,130,1
102,2596.697248,4047.981651,3293.807339,4725.137615,150,200,130,1
103,2920.343643,4299.690722,3028.694158,4455.395189,150,250,130,1
104,3746.431373,4605.490196,2430.078431,4057.45098,150,300,130,1
105,3779.305019,5045.598456,2210.3861,3668.571429,150,350,130,1
106,4253.173913,5337.782609,1869.869565,3795.086957,150,400,130,1
107,4741.342593,5904.12037,1563.333333,3568.148148,150,450,130,1
108,4898.110599,5579.447005,2029.677419,3087.004608,200,450,130,1
109,4445.854922,5192.642487,2209.792746,3276.062176,200,400,130,1
110,3982.5,4807.19697,2514.469697,3459.962121,200,350,130,1
111,3622.053571,4451.383929,2808.482143,3731.830357,200,300,130,1
112,3247.544379,3972.071006,3188.550296,3852.869822,200,250,130,1
113,2836.627907,3569.147287,3579.341085,4363.372093,200,200,130,1
114,2442.982456,3433.77193,4182.163743,4556.812865,200,150,130,1
115,2402.140468,3138.695652,4464.983278,5196.454849,200,100,130,1
116,1969.612403,3129.302326,4966.899225,5711.046512,200,50,130,1
117,2671.575758,2626.30303,5202.484848,5122.424242,250,50,130,1
118,2595.213675,2896.324786,4679.188034,4956.538462,250,100,130,1
119,2991.858974,2849.807692,4289.74359,4578.461538,250,150,130,1
120,3439.837398,3122.357724,4224.918699,3828.00813,250,200,130,1
121,3674.611399,3570.518135,3522.124352,3390.725389,250,250,130,1
122,3863.772727,4020.636364,3171.5,3342.954545,250,300,130,1
123,4230.458333,4234.625,3185.791667,3015.041667,250,350,130,1
124,4908.894737,4659.578947,2693.578947,2817.210526,250,400,130,1
125,5139.444444,5351.166667,2808.444444,2447.333333,250,450,130,1
126,5342.606383,5106.382979,3279.148936,1897.393617,300,450,130,1
127,4961.209302,4524.697674,3164.883721,2243.906977,300,400,130,1
128,4564.049587,3986.983471,3475.413223,2480.123967,300,350,130,1
129,4281.098039,3547.647059,3769.764706,2706.509804,300,300,130,1
130,3814.528302,3394.528302,4132.688679,3104.292453,300,250,130,1
131,3546.538462,2839.102564,4218.589744,3632.948718,300,200,130,1
132,3312.545455,2428.227273,5024.227273,4202.136364,300,150,130,1
133,3197.038627,2150.343348,5361.330472,4392.060086,300,100,130,1
134,3108.071066,2164.314721,5433.553299,4826.852792,300,50,130,1
135,3476.737288,1706.440678,5783.601695,4937.669492,350,50,130,1
136,3584.210526,1737.315789,5504.105263,4630.421053,350,100,130,1
137,3850.676692,2067.894737,4940.075188,4023.609023,350,150,130,1
138,3968.214286,2619.540816,4791.938776,3274.234694,350,200,130,1
139,4243.716475,3073.94636,4281.226054,3028.16092,350,250,130,1
140,4546,3282.904762,4174.952381,2594.333333,350,300,130,1
141,5214.846154,3720.192308,4144.076923,1982.576923,350,350,130,1
142,5285.4,4441.95,3633.85,1885.55,350,400,130,1
143,5629.52381,4670.039683,3619.920635,1572.97619,350,450,130,1
144,5943.140097,4793.574879,4273.381643,1016.570048,400,450,130,1
145,5563.82199,4302.408377,4345.445026,1320.157068,400,400,130,1
146,5309.735683,3579.559471,4424.757709,1721.629956,400,350,130,1
147,4855.427136,3220.954774,4563.718593,2178.743719,400,300,130,1
148,4686.401274,2586.019108,4689.681529,3138.057325,400,250,130,1
149,4332.694301,2413.989637,5216.26943,3186.062176,400,200,130,1
150,4119.748954,1871.380753,5294.60251,3857.48954,400,150,130,1
151,4014.157303,1561.179775,5702.977528,4386.853933,400,100,130,1
152,3888.818182,1332.090909,6214.318182,4590.045455,400,50,130,1
153,4595.015873,732.0634921,6393.047619,4682.507937,450,50,130,1
154,4493.524229,1330.660793,5986.696035,4152.511013,450,100,130,1
155,4638.932584,1831.629213,5936.067416,3471.179775,450,150,130,1
156,5116.920152,2627.528517,5346.425856,2953.460076,450,200,130,1
157,5223.083004,2584.268775,5939.960474,2414.189723,450,250,130,1
158,5334.761905,3195.198413,4841.626984,2032.18254,450,300,130,1
159,5635.551471,3585.992647,4992.389706,1506.764706,450,350,130,1
160,6294.513274,4236.681416,4549.026549,905.7079646,450,400,130,1
161,6526.666667,4563.52381,4766.904762,571.7142857,450,450,130,1
162,725.6928839,4520.636704,4833.932584,6388.501873,50,50,170,1
163,1043.894737,4797.631579,4251.210526,6037.894737,50,100,170,1
164,1449.923372,4910.881226,3534.061303,6041.072797,50,150,170,1
165,2057.114428,5025.422886,3003.283582,5421.393035,50,200,170,1
166,2435.615764,5320.689655,2763.054187,5122.70936,50,250,170,1
167,2978.558559,5613.783784,1948.558559,5176.531532,50,300,170,1
168,3590.883534,5882.248996,1443.212851,4740.281124,50,350,170,1
169,3926.0181,6152.895928,967.918552,4833.21267,50,400,170,1
170,4417.874396,6326.183575,765.942029,4692.36715,50,450,170,1
171,4538.882979,6246.382979,1277.446809,3998.138298,100,450,170,1
172,4096.835443,5761.85654,1593.71308,4084.303797,100,400,170,1
173,3715.570776,5263.744292,1703.287671,4531.552511,100,350,170,1
174,3404.307116,4935.318352,2388.913858,4433.520599,100,300,170,1
175,2605.178571,4636.116071,2881.696429,4924.955357,100,250,170,1
176,2130.585586,4684.54955,3097.657658,5108.063063,100,200,170,1
177,1848.899522,4376.124402,3596.45933,5319.569378,100,150,170,1
178,1492.395437,4092.243346,4164.828897,5848.250951,100,100,170,1
179,1071.33829,4089.516729,4804.200743,6006.6171,100,50,170,1
180,1648.875,3708.583333,4761.25,5722.375,150,50,170,1
181,1733.8,3707.45,4188.5,5496.5,150,100,170,1
182,2061.061224,3793.510204,3929.102041,5129.632653,150,150,170,1
183,2673.596838,4046.126482,3578.774704,4699.209486,150,200,170,1
184,2894.70852,4579.372197,3089.686099,4293.049327,150,250,170,1
185,3481.344086,4645.268817,2367.956989,4219.193548,150,300,170,1
186,3814.126214,5196.116505,1994.854369,4029.854369,150,350,170,1
187,4278.810811,5368.216216,1895.243243,3892.378378,150,400,170,1
188,4721.152263,6097.942387,1444.36214,3735.26749,150,450,170,1
189,5156.208333,5757.625,1939.208333,3044.375,200,450,170,1
190,4452.731959,5227.268041,2355.103093,3190.927835,200,400,170,1
191,3945.91133,4716.256158,2553.20197,3365.418719,200,350,170,1
192,3891.957447,4378.93617,2770.93617,3609.574468,200,300,170,1
193,3066.634615,4133.237179,3146.698718,4088.910256,200,250,170,1
194,2749.479167,3799.21875,3812.708333,4253.385417,200,200,170,1
195,2695.151515,3302.979798,4213.989899,4600.808081,200,150,170,1
196,2165.572139,3261.641791,4698.109453,5037.61194,200,100,170,1
197,2029.567308,3264.423077,4954.375,5632.788462,200,50,170,1
198,2552.804878,2751.219512,5432.682927,5111.463415,250,50,170,1
199,2646.206897,2655.249042,5127.624521,4861.494253,250,100,170,1
200,2878.990826,2959.036697,4245.045872,4558.256881,250,150,170,1
201,3158.531073,3381.073446,4119.548023,3858.813559,250,200,170,1
202,3628.47619,3435.142857,3506.666667,3627.238095,250,250,170,1
203,3954.6875,3941.302083,3386.09375,3094.114583,250,300,170,1
204,4479.677419,4517.327189,2844.792627,2867.64977,250,350,170,1
205,4730.803859,4879.228296,2608.038585,2883.729904,250,400,170,1
206,5206.346154,5404.679487,2738.012821,2511.538462,250,450,170,1
207,5492.021858,5255.464481,3204.808743,2006.775956,300,450,170,1
208,5048.660714,4722.901786,3264.6875,2174.285714,300,400,170,1
209,4841.762295,3975.942623,3325.819672,2680.327869,300,350,170,1
210,4432.991071,3562.991071,3691.5625,2723.482143,300,300,170,1
211,3871.851852,3174.861111,4004.907407,3287.268519,300,250,170,1
212,3581.507937,3158.888889,4136.865079,3742.97619,300,200,170,1
213,3715.731707,2657.642276,4596.300813,4072.845528,300,150,170,1
214,3063,2402.086957,5248.347826,4493.130435,300,100,170,1
215,3216.425121,2071.690821,5414.589372,5056.763285,300,50,170,1
216,3560.681818,1702.386364,5952.045455,4703.238636,350,50,170,1
217,3690.478723,2007.553191,5224.148936,4458.670213,350,100,170,1
218,3852.489796,2313.877551,4858.44898,3990.44898,350,150,170,1
219,4310.178571,2846.651786,4514.464286,3302.8125,350,200,170,1
220,4363.802817,3288.685446,4432.910798,2851.549296,350,250,170,1
221,4953.457447,3333.989362,3897.074468,2657.12766,350,300,170,1
222,5167.692308,4034.820513,3750.307692,2054.461538,350,350,170,1
223,5416.696833,4550.452489,3519.909502,2095.972851,350,400,170,1
224,5825.409836,5032.622951,3428.415301,1756.721311,350,450,170,1
225,6131.102041,4796.244898,4002.040816,1322.408163,400,450,170,1
226,5760.137615,4201.192661,4231.582569,1351.62844,400,400,170,1
227,5715.17094,3577.136752,4214.102564,1943.547009,400,350,170,1
228,5060.229358,3337.247706,4402.568807,2462.06422,400,300,170,1
229,4762.536232,2599.963768,4777.681159,2831.811594,400,250,170,1
230,4525.660377,2325.613208,4931.981132,3299.716981,400,200,170,1
231,4489.031008,2027.209302,5289.263566,3709.96124,400,150,170,1
232,4165.582524,1568.349515,5763.106796,4107.23301,400,100,170,1
233,4073.647059,1269.647059,6043.941176,4892,400,50,170,1
234,4616.064815,827.3611111,6607.12963,4560.138889,450,50,170,1
235,4641.875,1244.0625,6258.828125,4061.875,450,100,170,1
236,4823.930348,1429.751244,5835.820896,3701.094527,450,150,170,1
237,5301.764706,1870,5601.44385,3065.187166,450,200,170,1
238,5260.44335,2657.73399,5380.640394,2517.142857,450,250,170,1
239,5850.899654,2948.615917,4915.432526,2265.432526,450,300,170,1
240,6025.251397,3487.653631,4900.111732,1492.960894,450,350,170,1
241,6192.474747,4255.20202,4817.121212,1004.292929,450,400,170,1
242,6546.121495,4638.738318,4462.803738,869.2523364,450,450,170,1
243,1065.529412,4794.54902,4521.137255,6464.470588,50,50,200,1
244,1221.782946,4838.604651,4211.434109,6109.186047,50,100,200,1
245,1720.39548,4716.779661,3593.050847,6173.502825,50,150,200,1
246,2179.322034,5146.384181,3064.237288,5438.813559,50,200,200,1
247,2549.790795,5416.65272,2564.644351,5498.74477,50,250,200,1
248,3054.205607,5394.906542,2295.140187,5239.53271,50,300,200,1
249,3553.658537,5952.134146,1772.682927,4717.256098,50,350,200,1
250,4079.802956,6305.320197,1370.049261,4629.753695,50,400,200,1
251,4561.734104,6630.17341,890.7514451,4483.121387,50,450,200,1
252,4649.819277,6074.156627,1312.710843,4212.590361,100,450,200,1
253,4188.387097,5701.88172,1555.591398,4204.946237,100,400,200,1
254,3767.54717,5612.169811,1741.981132,4334.433962,100,350,200,1
255,3391.122995,5347.165775,2165.775401,4500.909091,100,300,200,1
256,2816,4958.177778,2850.044444,4760.488889,100,250,200,1
257,2342.324324,4775.459459,3314.162162,5056.594595,100,200,200,1
258,2191.465969,4431.832461,3576.544503,5413.089005,100,150,200,1
259,1567.272727,4347.272727,4070.802139,5964.385027,100,100,200,1
260,1286.092715,4369.006623,4547.880795,6359.933775,100,50,200,1
261,1807.18894,3617.603687,5020.829493,5783.364055,150,50,200,1
262,1865.905172,3955.431034,4465.517241,5451.37931,150,100,200,1
263,2198.186275,3880.588235,4229.068627,5193.333333,150,150,200,1
264,2557.68559,4434.672489,3287.467249,4788.733624,150,200,200,1
265,3174.090909,4472.424242,2840.707071,4406.363636,150,250,200,1
266,3441.538462,4797.128205,2685.076923,4086.358974,150,300,200,1
267,3979.548023,5004.350282,1979.491525,4230.960452,150,350,200,1
268,4503.080357,5573.035714,1654.553571,3685.535714,150,400,200,1
269,4819.775785,5920.627803,1402.017937,3862.017937,150,450,200,1
270,5014.915254,5439.830508,2062.99435,3292.655367,200,450,200,1
271,4697.351351,5020.216216,2336,3200.324324,200,400,200,1
272,4104.405941,4824.059406,2677.079208,3375.247525,200,350,200,1
273,3863.542601,4243.318386,2754.573991,3974.304933,200,300,200,1
274,3230.680628,4150,3146.282723,4167.591623,200,250,200,1
275,2873.621622,3586.162162,3800.648649,4633.135135,200,200,200,1
276,2562.290749,3593.876652,4011.894273,5026.828194,200,150,200,1
277,2537.688889,3577.733333,4513.6,5114.222222,200,100,200,1
278,2163.502538,3228.832487,5259.949239,5536.700508,200,50,200,1
279,2641.484375,2744.296875,5150.625,5402.65625,250,50,200,1
280,2722.849162,2658.324022,5088.49162,5094.748603,250,100,200,1
281,3231.826923,2839.182692,4591.057692,4450.625,250,150,200,1
282,3309.308756,3432.949309,4085.115207,3998.571429,250,200,200,1
283,3825.829384,3465.63981,3548.009479,3762.843602,250,250,200,1
284,4254.726368,3853.432836,3567.910448,3238.358209,250,300,200,1
285,4378.556701,4207.525773,3060.859107,3199.621993,250,350,200,1
286,4799.489796,4930.816327,2639.94898,2918.367347,250,400,200,1
287,5484.698276,5348.87931,2525,2545,250,450,200,1
288,5494.855769,5065.048077,3253.173077,2101.682692,300,450,200,1
289,5089.829545,4631.193182,3125.965909,2549.488636,300,400,200,1
290,4680.246914,4215.864198,3589.012346,2565,300,350,200,1
291,4333.773585,3999.528302,3580.283019,3158.490566,300,300,200,1
292,4041.42132,3158.527919,4006.598985,3473.19797,300,250,200,1
293,3853.009709,2767.281553,4641.213592,3621.893204,300,200,200,1
294,3485.065502,2603.362445,4795.196507,4120.480349,300,150,200,1
295,3648.4375,2155.234375,5024.804688,4745.742188,300,100,200,1
296,3194.325581,1983.953488,5729.209302,5217.116279,300,50,200,1
297,3717.701863,1716.832298,5752.795031,5013.913043,350,50,200,1
298,3770.192308,1920.038462,5306.576923,4404.807692,350,100,200,1
299,4209.446809,2266.12766,4983.957447,3874.723404,350,150,200,1
300,4172.125604,2648.405797,4912.850242,3411.207729,350,200,200,1
301,4551.153846,2857.649573,4304.487179,3163.034188,350,250,200,1
302,4704.418605,3554.709302,4274.244186,2528.081395,350,300,200,1
303,5080.324074,3892.777778,3787.592593,2356.898148,350,350,200,1
304,5431.826923,4474.182692,3866.971154,1841.394231,350,400,200,1
305,5933.839286,4716.25,3627.901786,1583.616071,350,450,200,1
306,6155.793358,4708.487085,4134.833948,1153.616236,400,450,200,1
307,5889.07767,4079.660194,4105.92233,1719.708738,400,400,200,1
308,5634.210526,3599.760766,4374.401914,1780.526316,400,350,200,1
309,5124.719626,3150.46729,4653.130841,2405.934579,400,300,200,1
310,4873.381643,2877.536232,4658.550725,2957.101449,400,250,200,1
311,4791.650943,2352.028302,4961.462264,3136.698113,400,200,200,1
312,4427.125,2059.5,5518.25,3686.916667,400,150,200,1
313,4317.278107,1567.692308,5928.461538,4122.307692,400,100,200,1
314,4217.972973,1333.153153,6018.513514,4652.972973,400,50,200,1
315,4627.894737,1020,6338.218623,4574.8583,450,50,200,1
316,4719.954751,1069.728507,6120.633484,4235.656109,450,100,200,1
317,5118.091286,1540.995851,5901.120332,3544.39834,450,150,200,1
318,5108.078603,2228.733624,5659.432314,3018.864629,450,200,200,1
319,5330.25,2773.3125,5378.6875,2554.875,450,250,200,1
320,5757.59434,3045.04717,5087.358491,2034.245283,450,300,200,1
321,5829.126214,3499.514563,4824.07767,1798.543689,450,350,200,1
322,6202.682927,4098.97561,4572.878049,1307.804878,450,400,200,1
323,6707.976654,4687.159533,4494.59144,831.9844358,450,450,200,1
324,764.137931,4547.816092,4555.057471,6298.045977,50,50,88,0
325,1098.541667,4675,4108.4375,5944.166667,50,100,88,0
326,1568.390805,4762.758621,3606.436782,5618.505747,50,150,88,0
327,2008.590604,4974.228188,3085.503356,5323.355705,50,200,88,0
328,2487.515924,5121.528662,2600.700637,5033.566879,50,250,88,0
329,2968.376623,5422.987013,2149.220779,4832.922078,50,300,88,0
330,3526.369048,5707.321429,1700.178571,4634.821429,50,350,88,0
331,4007.228916,6074.036145,1286.807229,4486.024096,50,400,88,0
332,4496.261682,6400.560748,1019.345794,4404.11215,50,450,88,0
333,4586.595745,5994.148936,1295.744681,3960.957447,100,450,88,0
334,4102.040816,5666.802721,1568.163265,3976.122449,100,400,88,0
335,3610.699301,5334.055944,1881.748252,4142.097902,100,350,88,0
336,3107.741935,5017.741935,2298.387097,4344.946237,100,300,88,0
337,2624.285714,4703.896104,2773.116883,4612.857143,100,250,88,0
338,2126.022727,4497.045455,3241.363636,4925.454545,100,200,88,0
339,1763.302752,4309.908257,3763.027523,5222.018349,100,150,88,0
340,1345,4153.051948,4207.337662,5590.714286,100,100,88,0
341,1134.186047,4047.790698,4657.965116,5969.593023,100,50,88,0
342,1540,3570.333333,4816.583333,5618.666667,150,50,88,0
343,1793.636364,3647.878788,4353.434343,5242.121212,150,100,88,0
344,2079.824561,3819.912281,3909.210526,4866.052632,150,150,88,0
345,2437.121212,4054.848485,3463.333333,4537.272727,150,200,88,0
346,2819.888889,4319.666667,3014.555556,4208.777778,150,250,88,0
347,3280.120482,4659.879518,2599.036145,3859.277108,150,300,88,0
348,3717.894737,4991.473684,2259.684211,3720.105263,150,350,88,0
349,4232.830189,5407.641509,1932.641509,3587.54717,150,400,88,0
350,4693.027523,5731.376147,1753.486239,3451.651376,150,450,88,0
351,4848.660714,5458.214286,2177.053571,2956.875,200,450,88,0
352,4423.857143,5091.285714,2364.428571,3109.571429,200,400,88,0
353,4018.588235,4692.352941,2633.058824,3284.941176,200,350,88,0
354,3551.858407,4306.371681,2906.548673,3553.716814,200,300,88,0
355,3109.53125,3954.609375,3289.296875,3871.484375,200,250,88,0
356,2788.269231,3631.730769,3693.75,4229.326923,200,200,88,0
357,2470.78125,3380,4127.1875,4557.8125,200,150,88,0
358,2200.423729,3178.559322,4556.694915,4955.677966,200,100,88,0
359,2002.022472,3050.393258,5007.977528,5383.314607,200,50,88,0
360,2454.262295,2585.163934,5275.901639,5128.606557,250,50,88,0
361,2659.099099,2714.954955,4791.981982,4705.675676,250,100,88,0
362,2855.949367,2912.78481,4342.278481,4316.455696,250,150,88,0
363,3156.413793,3216.965517,3982.068966,3909.931034,250,200,88,0
364,3502.769231,3564.769231,3580.769231,3521.384615,250,250,88,0
365,3876.26087,3962.782609,3286,3166,250,300,88,0
366,4297.04,4381.92,3012.8,2848.88,250,350,88,0
367,4711.156463,4799.795918,2809.047619,2613.537415,250,400,88,0
368,5138.461538,5232.115385,2639.903846,2478.846154,250,450,88,0
369,5386.451613,4961.129032,3119.83871,1957.177419,300,450,88,0
370,5030.446429,4508.75,3258.392857,2152.946429,300,400,88,0
371,4614.736842,4085.877193,3416.929825,2421.315789,300,350,88,0
372,4234.392523,3615.700935,3646.82243,2792.149533,300,300,88,0
373,3914.806202,3265.503876,3900.930233,3164.341085,300,250,88,0
374,3573.478261,2902.463768,4248.84058,3679.130435,300,200,88,0
375,3284.918033,2627.04918,4574.262295,4111.803279,300,150,88,0
376,3068.095238,2364.642857,5022.5,4458.571429,300,100,88,0
377,2938.181818,2242.424242,5490.833333,5019.848485,300,50,88,0
378,3418.560606,1766.363636,5778.712121,4789.015152,350,50,88,0
379,3516.747967,1978.292683,5338.780488,4315.853659,350,100,88,0
380,3712.959184,2260.306122,4937.346939,3847.244898,350,150,88,0
381,3917.676768,2629.59596,4633.434343,3407.474747,350,200,88,0
382,4214.186047,3053.023256,4286.395349,2918.372093,350,250,88,0
383,4517.378641,3485.631068,4042.912621,2463.106796,350,300,88,0
384,4891.414141,3914.949495,3772.424242,2039.69697,350,350,88,0
385,5306.395349,4351.744186,3583.372093,1776.395349,350,400,88,0
386,5701.818182,4809.431818,3533.295455,1585.681818,350,450,88,0
387,6044.126984,4682.460317,4021.666667,1111.984127,400,450,88,0
388,5620.373832,4129.626168,4166.35514,1444.579439,400,400,88,0
389,5275.652174,3712.347826,4345.391304,1755.826087,400,350,88,0
390,5002.142857,3216.071429,4526.547619,2200.714286,400,300,88,0
391,4723.163265,2795.306122,4723.163265,2658.77551,400,250,88,0
392,4408.220339,2368.728814,5018.559322,3229.576271,400,200,88,0
393,4209.684211,1980.526316,5305.052632,3670.421053,400,150,88,0
394,4072,1633.181818,5709.181818,4115.090909,400,100,88,0
395,3909.021739,1348.043478,6053.152174,4627.608696,400,50,88,0
396,4416.333333,1060.666667,6388.333333,4540.5,450,50,88,0
397,4504.4,1338.533333,6033.866667,4002.066667,450,100,88,0
398,4643.666667,1783,5709.888889,3572.111111,450,150,88,0
399,4834.035088,2218.245614,5423.859649,3058.245614,450,200,88,0
400,5087.260274,2664.246575,5183.287671,2526.712329,450,250,88,0
401,5367.777778,3208.641975,4906.17284,1982.345679,450,300,88,0
402,5672.57732,3683.402062,4737.835052,1501.237113,450,350,88,0
403,6034,4123.263158,4622.842105,1050.315789,450,400,88,0
404,6428.815789,4630.657895,4575.921053,665.5263158,450,450,88,0
405,852.1008403,4578.235294,4388.403361,6455.462185,50,50,130,0
406,1005,4648.098592,3974.295775,6064.43662,50,100,130,0
407,1484.444444,4747.847222,3421.875,5645.416667,50,150,130,0
408,2032.028302,4978.396226,2910.849057,5382.830189,50,200,130,0
409,2513.928571,5185.357143,2420,5075.357143,50,250,130,0
410,3058.791946,5460.738255,1960.671141,4892.416107,50,300,130,0
411,3530.13245,5781.059603,1412.582781,4668.741722,50,350,130,0
412,4036.666667,6110.20202,992.4242424,4545.757576,50,400,130,0
413,4550.747126,6466.666667,671.954023,4483.16092,50,450,130,0
414,4606.168224,6096.261682,1018.878505,4010.46729,100,450,130,0
415,4064.903846,5711.442308,1263.846154,4116.442308,100,400,130,0
416,3619.069767,5344.790698,1671.534884,4157.813953,100,350,130,0
417,3136,5010.857143,2141.714286,4378.928571,100,300,130,0
418,2661.648352,4740.659341,2580.549451,4716.153846,100,250,130,0
419,2193.36,4529.28,3079.36,5062.72,100,200,130,0
420,1695.869565,4329.782609,3601.521739,5307.898551,100,150,130,0
421,1260.238095,4208.015873,4066.587302,5627.698413,100,100,130,0
422,934.7142857,4092.857143,4521.285714,6002.857143,100,50,130,0
423,1508.161765,3567.720588,4672.5,5706.102941,150,50,130,0
424,1765.4375,3607.9375,4229.8125,5316.875,150,100,130,0
425,2042.137405,3796.717557,3756.48855,4955.877863,150,150,130,0
426,2465.37931,4048,3284.206897,4573.517241,150,200,130,0
427,2925.477707,4296.496815,2860.254777,4245.350318,150,250,130,0
428,3390,4613.724138,2437.034483,3935.655172,150,300,130,0
429,3774.270833,4944.0625,2085,3670.9375,150,350,130,0
430,4252.230769,5348.692308,1736,3497.538462,150,400,130,0
431,4744.736842,5727.105263,1564.473684,3408.157895,150,450,130,0
432,4897.692308,5326.153846,2028.692308,2836.692308,200,450,130,0
433,4446.036036,4957.207207,2210.540541,3025.225225,200,400,130,0
434,3981.527778,4543.263889,2515.069444,3235.694444,200,350,130,0
435,3621.12,4199.68,2808.4,3494.88,200,300,130,0
436,3110.683761,3856.239316,3186.068376,3852.393162,200,250,130,0
437,2726.217949,3571.153846,3583.846154,4208.910256,200,200,130,0
438,2449.215686,3316.764706,4021.764706,4557.254902,200,150,130,0
439,2161.631579,3138.842105,4465.315789,4948.578947,200,100,130,0
440,1975.930233,2986.511628,4968.488372,5393.604651,200,50,130,0
441,2449.897959,2540.204082,5204.489796,5118.77551,250,50,130,0
442,2595.763889,2676.041667,4678.888889,4690.138889,250,100,130,0
443,2747.5,2849.375,4289.875,4335.25,250,150,130,0
444,3133.75,3121.25,3899.333333,3829.833333,250,200,130,0
445,3472.857143,3450.714286,3522.410714,3383.839286,250,250,130,0
446,3864.242424,3840.40404,3166.262626,3087.575758,250,300,130,0
447,4229.882353,4241.294118,2935.411765,2785.176471,250,350,130,0
448,4668.536585,4660.813008,2693.902439,2569.105691,250,400,130,0
449,5138.976378,5117.716535,2554.251969,2446.771654,250,450,130,0
450,5342.612613,4864.864865,3031.981982,1889.90991,300,450,130,0
451,4959.15493,4383.028169,3164.366197,2078.802817,300,400,130,0
452,4561.764706,3987.254902,3331.372549,2365.882353,300,350,130,0
453,4189.08046,3544.482759,3563.563218,2711.264368,300,300,130,0
454,3814.962406,3148.270677,3891.353383,3103.984962,300,250,130,0
455,3545.140187,2731.308411,4215.607477,3495.794393,300,200,130,0
456,3311.090909,2432.090909,4561.454545,3905.090909,300,150,130,0
457,3123.304348,2151.826087,4994.782609,4386.782609,300,100,130,0
458,2988.453608,2014.329897,5430.618557,4825.773196,300,50,130,0
459,3478.861789,1487.804878,5783.414634,4653.577236,350,50,130,0
460,3577.525773,1733.195876,5336.185567,4230.618557,350,100,130,0
461,3764.606742,2066.853933,4939.662921,3696.853933,350,150,130,0
462,3970.847458,2490.677966,4591.949153,3276.949153,350,200,130,0
463,4239.462366,2871.505376,4283.010753,2764.301075,350,250,130,0
464,4550.098039,3288.039216,4019.509804,2399.509804,350,300,130,0
465,4848.933333,3725.2,3781.2,1954.733333,350,350,130,0
466,5285.403226,4195.403226,3633.145161,1646.290323,350,400,130,0
467,5633.846154,4677.897436,3522.205128,1459.641026,350,450,130,0
468,5943.361345,4558.319328,4021.764706,1016.218487,400,450,130,0
469,5563.228346,4044.88189,4112.362205,1320,400,400,130,0
470,5196.153846,3578.717949,4240.683761,1725.982906,400,350,130,0
471,4860.650407,3113.00813,4412.03252,2191.788618,400,300,130,0
472,4586.222222,2581,4678.277778,2664.055556,400,250,130,0
473,4330.943396,2166.320755,4978.867925,3186.509434,400,200,130,0
474,4119.144385,1768.609626,5285.080214,3620.160428,400,150,130,0
475,4014.191176,1344.485294,5702.205882,4112.573529,400,100,130,0
476,3903.488372,1122.55814,6041.472868,4596.27907,400,50,130,0
477,4419.642857,729.7142857,6392.928571,4521.285714,450,50,130,0
478,4488.739496,1167.563025,5976.470588,3983.94958,450,100,130,0
479,4640.851064,1602.021277,5678.93617,3471.702128,450,150,130,0
480,4863.136095,2092.60355,5340.118343,2944.674556,450,200,130,0
481,5078.672566,2590.088496,5122.212389,2412.300885,450,250,130,0
482,5337.159763,3084.378698,4849.763314,1913.609467,450,300,130,0
483,5635.675676,3584.391892,4690.202703,1372.094595,450,350,130,0
484,5925.670103,4070.103093,4550.309278,908.9690722,450,400,130,0
485,6266.831683,4565.544554,4475.346535,568.9108911,450,450,130,0
486,637.9661017,4530,4454.40678,6391.581921,50,50,170,0
487,1043.189655,4560.344828,4003.965517,6037.672414,50,100,170,0
488,1444.285714,4720.380952,3534.380952,5748.952381,50,150,170,0
489,1943.305785,4897.520661,3000.826446,5418.264463,50,200,170,0
490,2436.418919,5078.918919,2516.756757,5122.972973,50,250,170,0
491,2979.007092,5374.609929,1948.22695,4928.297872,50,300,170,0
492,3430.33557,5688.791946,1443.288591,4734.966443,50,350,170,0
493,3924.366197,6057.323944,970.3521127,4590.211268,50,400,170,0
494,4411.165049,6320.776699,589.223301,4536.601942,50,450,170,0
495,4538.778626,6008.625954,1024.351145,3998.396947,100,450,170,0
496,4090.24,5627.84,1318.56,4063.04,100,400,170,0
497,3612.054795,5261.164384,1707.945205,4224.589041,100,350,170,0
498,3097.071429,4934.928571,2160.5,4432.071429,100,300,170,0
499,2603.981481,4633.055556,2639.907407,4645.555556,100,250,170,0
500,2125.851064,4425,3095.744681,4971.808511,100,200,170,0
501,1767.894737,4220.087719,3593.77193,5316.22807,100,150,170,0
502,1375.707317,4091.414634,4167.268293,5628.926829,100,100,170,0
503,1078.380952,4003.904762,4543.619048,6007.333333,100,50,170,0
504,1523.612903,3528.516129,4758.83871,5721.096774,150,50,170,0
505,1728.707483,3588.435374,4185.782313,5379.931973,150,100,170,0
506,2070.080645,3796.370968,3758.467742,4955,150,150,170,0
507,2480.990991,4042.792793,3280.45045,4694.504505,150,200,170,0
508,2891.923077,4311.538462,2846.153846,4298.461538,150,250,170,0
509,3310.325203,4640.487805,2369.756098,4070.731707,150,300,170,0
510,3814.836066,4950.819672,1995,3789.180328,150,350,170,0
511,4279.904762,5364.952381,1661.047619,3627.047619,150,400,170,0
512,4722.347826,5780.608696,1445.652174,3517.043478,150,450,170,0
513,4926.857143,5508.47619,1937.52381,3014.952381,200,450,170,0
514,4453.636364,4977.272727,2115.206612,3190.247934,200,400,170,0
515,3950.134228,4565.637584,2423.489933,3366.778523,200,350,170,0
516,3500.309278,4221.443299,2774.123711,3606.597938,200,300,170,0
517,3071.774194,3882.849462,3151.344086,3882.741935,200,250,170,0
518,2749.274194,3552.177419,3575.403226,4253.709677,200,200,170,0
519,2420.645161,3304.301075,4019.139785,4599.892473,200,150,170,0
520,2162.857143,3117.518797,4483.533835,5031.052632,200,100,170,0
521,2031.28,3012.24,4954.72,5398,200,50,170,0
522,2552.674419,2511.627907,5186.976744,5111.162791,250,50,170,0
523,2655.540541,2658.648649,4679.72973,4741.621622,250,100,170,0
524,2879.222222,2837.555556,4245.333333,4328.555556,250,150,170,0
525,3159.509804,3138.921569,3875,3858.235294,250,200,170,0
526,3544.795918,3440.204082,3505.816327,3449.489796,250,250,170,0
527,3946.717557,3814.80916,3174.80916,3091.603053,250,300,170,0
528,4305.638298,4250.851064,2847.978723,2863.085106,250,350,170,0
529,4725.833333,4754.090909,2605.984848,2671.060606,250,400,170,0
530,5206.896552,5162.241379,2492.931034,2510.517241,250,450,170,0
531,5491.578947,4989.035088,2983.684211,2006.403509,300,450,170,0
532,5032.619048,4430,3141.031746,2176.825397,300,400,170,0
533,4635.833333,3970.833333,3322.916667,2462.5,300,350,170,0
534,4241.485149,3559.80198,3555.544554,2721.782178,300,300,170,0
535,3883.245614,3179.736842,3832.894737,3109.385965,300,250,170,0
536,3579.473684,2823.947368,4136.578947,3571.842105,300,200,170,0
537,3234,2479.515152,4596.545455,4065.030303,300,150,170,0
538,3062.135922,2242.621359,4990.873786,4490.679612,300,100,170,0
539,2959.223301,2075.048544,5418.640777,4934.660194,300,50,170,0
540,3561.359223,1475.631068,5691.84466,4703.300971,350,50,170,0
541,3690.686275,1755.196078,5226.862745,4206.372549,350,100,170,0
542,3856.190476,2054.761905,4860.396825,3832.222222,350,150,170,0
543,4089.166667,2486.770833,4513.4375,3303.125,350,200,170,0
544,4372.941176,2919.579832,4167.310924,2859.747899,350,250,170,0
545,4664.271845,3333.786408,3898.252427,2441.359223,350,300,170,0
546,5017.663551,3782.056075,3746.728972,2053.271028,350,350,170,0
547,5409.052632,4245.157895,3520,1707.789474,350,400,170,0
548,5825.193798,4780.620155,3427.596899,1521.782946,350,450,170,0
549,6130.670391,4562.178771,4002.402235,1072.960894,400,450,170,0
550,5763.361345,4058.235294,4055.714286,1355.12605,400,400,170,0
551,5392.123288,3570.547945,4206.027397,1779.041096,400,350,170,0
552,5060.357143,3104,4402.357143,2209.857143,400,300,170,0
553,4771.24031,2601.317829,4651.007752,2694.418605,400,250,170,0
554,4527.014925,2139.626866,4929.328358,3176.343284,400,200,170,0
555,4337.214286,1652.142857,5274.071429,3702.5,400,150,170,0
556,4171.62963,1309.407407,5633.037037,4111.111111,400,100,170,0
557,4074.554455,1032.475248,6043.960396,4640.891089,400,50,170,0
558,4615.562914,578.8741722,6368.07947,4559.86755,450,50,170,0
559,4641.971831,997.1830986,6018.732394,4062.253521,450,100,170,0
560,4818.791946,1428.85906,5708.926174,3586.510067,450,150,170,0
561,5021.958763,1872.474227,5433.195876,3067.835052,450,200,170,0
562,5259.029126,2421.650485,5129.61165,2516.699029,450,250,170,0
563,5568.16,2945.04,4912.16,1986.4,450,300,170,0
564,5861.019108,3489.10828,4708.280255,1498.726115,450,350,170,0
565,6192.407407,4032.12963,4552.87037,1004.722222,450,400,170,0
566,6542.5,4497.822581,4462.903226,637.1774194,450,450,170,0
567,933.0612245,4557.414966,4519.727891,6453.877551,50,50,200,0
568,1230.847458,4624.237288,4086.355932,6122.79661,50,100,200,0
569,1630.25,4719.083333,3592.75,5815.416667,50,150,200,0
570,2099.136691,4896.258993,3061.223022,5442.517986,50,200,200,0
571,2550.506329,5117.848101,2559.113924,5193.291139,50,250,200,0
572,3043.211679,5392.481752,2038.248175,4959.124088,50,300,200,0
573,3553.980583,5691.650485,1546.213592,4701.067961,50,350,200,0
574,4079.53125,6008.125,1042.34375,4632.1875,50,400,200,0
575,4562.23301,6397.475728,638.0582524,4483.495146,50,450,200,0
576,4650.769231,6073.736264,1053.186813,3983.076923,100,450,200,0
577,4191.009174,5697.706422,1340.091743,4116.788991,100,400,200,0
578,3765,5393.032787,1742.95082,4205.245902,100,350,200,0
579,3255,5055.888889,2163.666667,4496.222222,100,300,200,0
580,2816.321839,4742.183908,2596.666667,4751.149425,100,250,200,0
581,2342.056075,4537.850467,3066.915888,5055.981308,100,200,200,0
582,1934.392523,4317.570093,3578.878505,5417.757009,100,150,200,0
583,1567.196262,4174.579439,4068.037383,5734.205607,100,100,200,0
584,1284.512195,4151.341463,4547.682927,6090.97561,100,50,200,0
585,1675.882353,3616.176471,4725.098039,5781.862745,150,50,200,0
586,1865.454545,3724.825175,4210.13986,5451.188811,150,100,200,0
587,2195,3876.826923,3772.788462,5032.019231,150,150,200,0
588,2552.027027,4096.621622,3290.810811,4704.324324,150,200,200,0
589,2979.652174,4348.086957,2845.130435,4369.478261,150,250,200,0
590,3442.264151,4611.132075,2379.528302,4085.849057,150,300,200,0
591,3889.557522,5001.59292,1975.221239,3862.477876,150,350,200,0
592,4352.977099,5348.167939,1657.251908,3680.381679,150,400,200,0
593,4811.980198,5738.910891,1402.673267,3574.950495,150,450,200,0
594,5016.210526,5440.315789,1937.368421,3086.421053,200,450,200,0
595,4550.238095,5021.587302,2106.984127,3201.825397,200,400,200,0
596,4096.226415,4614.528302,2398.679245,3377.264151,200,350,200,0
597,3658.027211,4245.714286,2751.70068,3672.517007,200,300,200,0
598,3230.27027,3897.027027,3146.013514,3933.378378,200,250,200,0
599,2870.09434,3584.056604,3544.622642,4310.09434,200,200,200,0
600,2553.695652,3338.586957,4013.26087,4690.76087,200,150,200,0
601,2327.87234,3141.06383,4510,5112.978723,200,100,200,0
602,2169.038462,3028.942308,5002.019231,5540.673077,200,50,200,0
603,2646.363636,2559.204545,5156.704545,5263.181818,250,50,200,0
604,2723.563218,2663.793103,4755.057471,4872.068966,250,100,200,0
605,2969.212598,2834.96063,4299.84252,4454.566929,250,150,200,0
606,3313.426573,3133.846154,3878.391608,4002.517483,250,200,200,0
607,3649.487179,3460.940171,3546.923077,3559.487179,250,250,200,0
608,4046.507937,3853.015873,3171.111111,3233.492063,250,300,200,0
609,4367.481481,4204.518519,2876.814815,2909.925926,250,350,200,0
610,4792.419355,4595.241935,2639.435484,2709.032258,250,400,200,0
611,5251.188119,5065.940594,2525.841584,2540.594059,250,450,200,0
612,5495.294118,4834.779412,2994.926471,2101.397059,300,450,200,0
613,5089.632353,4394.411765,3126.323529,2296.838235,300,400,200,0
614,4679.315068,3958.356164,3355.479452,2565.205479,300,350,200,0
615,4331.904762,3555.619048,3580.761905,2886.095238,300,300,200,0
616,4045.585586,3160.630631,3878.468468,3238.828829,300,250,200,0
617,3764.84127,2768.015873,4231.746032,3608.730159,300,200,200,0
618,3480.531915,2385,4579.468085,4122.553191,300,150,200,0
619,3316.145251,2151.955307,5017.988827,4536.592179,300,100,200,0
620,3194.700855,1984.957265,5478.205128,4982.478632,300,50,200,0
621,3717.8125,1473.75,5752.8125,4771.041667,350,50,200,0
622,3773.741007,1678.057554,5311.294964,4302.014388,350,100,200,0
623,3972.727273,1984.69697,4976.515152,3870.606061,350,150,200,0
624,4177.636364,2419.090909,4625.545455,3413.090909,350,200,200,0
625,4393.373494,2856.144578,4299.879518,2929.39759,350,250,200,0
626,4704.032258,3307.419355,4033.870968,2527.419355,350,300,200,0
627,5072.573099,3753.918129,3790.350877,2144.97076,350,350,200,0
628,5431.666667,4230.438596,3624.035088,1841.052632,350,400,200,0
629,5839,4723.384615,3527,1586.384615,350,450,200,0
630,6149.605263,4561.907895,4028.289474,1144.078947,400,450,200,0
631,5792.522523,4076.216216,4102.972973,1424.864865,400,400,200,0
632,5462.254902,3601.078431,4251.27451,1761.27451,400,350,200,0
633,5120.491803,3148.278689,4437.213115,2226.557377,400,300,200,0
634,4882.258065,2679.677419,4658.467742,2665.806452,400,250,200,0
635,4609.484536,2185.670103,4961.134021,3137.835052,400,200,200,0
636,4431.636364,1700.272727,5302.909091,3685.272727,400,150,200,0
637,4317.745098,1347.254902,5663.529412,4122.54902,400,100,200,0
638,4137.5,1059.886364,6026.590909,4657.386364,400,50,200,0
639,4625,675.9302326,6338.255814,4507.209302,450,50,200,0
640,4715.887097,1069.112903,5978.709677,4044.83871,450,100,200,0
641,4879.064748,1540.215827,5686.402878,3539.496403,450,150,200,0
642,5104.740741,1985.703704,5396.888889,2994.296296,450,200,200,0
643,5330.505051,2519.191919,5143.131313,2555.050505,450,250,200,0
644,5536,3048.6,4881.3,2035.8,450,300,200,0
645,5822.246377,3505.942029,4698.405797,1598.985507,450,350,200,0
646,6195.945946,3998.198198,4578.018018,1170.720721,450,400,200,0
647,6556.183206,4520.305344,4496.259542,834.6564885,450,450,200,0
