,A0,A1,A2,A3,x,y,z,label
0,1016.931216931217,4782.857142857143,4552.962962962963,6298.994708994709,50,50,88,1
1,1338.424657534247,4920.13698630137,4109.178082191781,5943.561643835616,50,100,88,1
2,1783.790849673203,5033.464052287582,3605.882352941177,5619.150326797386,50,150,88,1
3,2253.617021276596,5218.563829787234,3085.159574468085,5322.81914893617,50,200,88,1
4,2727.142857142857,5370.285714285715,2600.142857142857,5033.238095238095,50,250,88,1
5,3212.8,5665.2,2149.911111111111,4832.577777777778,50,300,88,1
6,3764.530612244898,5958.285714285715,1699.387755102041,4635.020408163266,50,350,88,1
7,4236.472868217054,6332.519379844961,1286.240310077519,4486.046511627907,50,400,88,1
8,4728.550724637681,6657.43961352657,1019.806763285024,4403.381642512078,50,450,88,1
9,4805.904255319149,6260.425531914893,1296.382978723404,3962.340425531915,100,450,88,1
10,4343.461538461538,5914.23076923077,1567.884615384615,3976.778846153846,100,400,88,1
11,3849.636363636364,5580.136363636364,1882.636363636364,4141.363636363636,100,350,88,1
12,3345.263157894737,5268.815789473684,2300.131578947368,4344.144736842105,100,300,88,1
13,2887.876712328767,4925.684931506849,2772.739726027397,4612.123287671233,100,250,88,1
14,2360.48,4751.52,3241.44,4925.36,100,200,88,1
15,1989.901960784314,4569.068627450981,3763.039215686274,5220.392156862745,100,150,88,1
16,1609.425675675676,4375.608108108108,4208.175675675676,5590.067567567567,100,100,88,1
17,1366.899224806202,4304.961240310077,4657.751937984496,5969.806201550387,100,50,88,1
18,1776.685393258427,3821.910112359551,4816.741573033708,5619.269662921349,150,50,88,1
19,2049.3125,3881.6875,4352.75,5240.5625,150,100,88,1
20,2319.122807017544,4066.140350877193,3909.473684210526,4865.672514619883,150,150,88,1
21,2681.550387596899,4300.542635658915,3463.023255813954,4537.984496124031,150,200,88,1
22,3058.805970149254,4569.776119402985,3014.626865671642,4210.074626865671,150,250,88,1
23,3518.809523809524,4907.857142857143,2598.968253968254,3874.444444444444,150,300,88,1
24,3984.172661870504,5211.223021582734,2259.640287769784,3719.712230215827,150,350,88,1
25,4473.558282208589,5656.134969325153,1932.883435582822,3587.361963190184,150,400,88,1
26,4931.822916666667,5978.020833333333,1753.28125,3449.375,150,450,88,1
27,5086.271186440678,5707.74011299435,2177.231638418079,2956.723163841808,200,450,88,1
28,4688.691588785046,5314.766355140187,2360.093457943925,3109.439252336449,200,400,88,1
29,4251.8,4945.333333333333,2632.933333333333,3285.066666666667,200,350,88,1
30,3817.916666666667,4306.011904761905,3125.595238095238,3553.154761904762,200,300,88,1
31,3355.783783783784,3955.189189189189,3531.891891891892,3870.972972972973,200,250,88,1
32,3020.153846153846,3630.871794871795,3950.666666666667,4229.282051282052,200,200,88,1
33,2701.897810218978,3379.48905109489,4386.496350364963,4557.226277372263,200,150,88,1
34,2431.229050279329,3178.715083798882,4811.005586592179,4955.754189944134,200,100,88,1
35,2239.933110367893,3051.739130434783,5259.665551839465,5383.678929765886,200,50,88,1
36,2702.71523178808,2584.701986754967,5512.317880794702,5128.476821192053,250,50,88,1
37,2893.251533742332,2716.38036809816,5045.521472392638,4705.705521472392,250,100,88,1
38,3089.253731343284,2913.358208955224,4598.283582089553,4317.910447761194,250,150,88,1
39,3392.769230769231,3217.846153846154,4230.358974358975,3910.102564102564,250,200,88,1
40,3720.0,3565.614035087719,3851.140350877193,3521.315789473684,250,250,88,1
41,4107.124183006536,3962.614379084967,3542.352941176471,3164.901960784314,250,300,88,1
42,4541.022727272727,4381.704545454545,3253.75,2849.090909090909,250,350,88,1
43,4947.889447236181,4800.050251256282,3056.984924623116,2617.939698492462,250,400,88,1
44,5369.057971014493,5231.594202898551,2898.913043478261,2478.985507246377,250,450,88,1
45,5640.909090909091,4960.779220779221,3351.363636363636,1958.116883116883,300,450,88,1
46,5278.058823529412,4508.058823529412,3499.823529411765,2154.0,300,400,88,1
47,4863.895348837209,4085.988372093023,3656.395348837209,2428.313953488372,300,350,88,1
48,4484.913294797688,3616.011560693642,3883.757225433526,2792.312138728324,300,300,88,1
49,4159.242424242424,3265.050505050505,4143.636363636364,3164.444444444444,300,250,88,1
50,3823.333333333333,2902.439024390244,4487.886178861789,3679.837398373984,300,200,88,1
51,3541.171171171171,2627.207207207207,4804.864864864865,4111.351351351352,300,150,88,1
52,3304.384615384615,2363.461538461539,5273.076923076923,4457.538461538462,300,100,88,1
53,3170.308641975309,2242.283950617284,5746.975308641975,5019.506172839506,300,50,88,1
54,3653.464052287582,1766.601307189542,6027.450980392156,4789.019607843137,350,50,88,1
55,3749.640287769784,1978.057553956834,5592.805755395683,4315.971223021583,350,100,88,1
56,3933.16129032258,2261.741935483871,5203.16129032258,3848.516129032258,350,150,88,1
57,4156.845238095239,2630.119047619048,4877.321428571428,3407.142857142857,350,200,88,1
58,4446.484375,3053.90625,4543.203125,2918.515625,350,250,88,1
59,4765.606060606061,3485.378787878788,4283.787878787879,2463.484848484848,350,300,88,1
60,5145.0,3915.774647887324,3772.605633802817,2276.760563380282,350,350,88,1
61,5569.23076923077,4351.615384615385,3583.461538461539,2003.0,350,400,88,1
62,5936.187050359712,4808.561151079137,3533.669064748201,1838.776978417266,350,450,88,1
63,6273.614457831325,4682.710843373494,4022.409638554217,1370.903614457831,400,450,88,1
64,5862.702702702702,4129.391891891892,4166.959459459459,1686.824324324324,400,400,88,1
65,5522.732558139535,3714.360465116279,4345.872093023256,2007.267441860465,400,350,88,1
66,5256.090909090909,3216.636363636364,4526.090909090909,2436.636363636364,400,300,88,1
67,4961.677419354839,2795.41935483871,4723.032258064516,2907.548387096774,400,250,88,1
68,4645.380710659899,2368.730964467005,5018.781725888325,3480.913705583756,400,200,88,1
69,4470.0,1980.650406504065,5305.609756097561,3902.357723577236,400,150,88,1
70,4303.19018404908,1633.61963190184,5708.588957055214,4373.680981595092,400,100,88,1
71,4142.153846153846,1349.153846153846,6053.461538461538,4884.153846153846,400,50,88,1
72,4660.787878787879,1060.242424242424,6387.878787878788,4782.181818181818,450,50,88,1
73,4736.926605504587,1338.119266055046,6033.440366972477,4258.807339449541,450,100,88,1
74,4894.462809917355,1783.223140495868,5709.504132231405,3809.090909090909,450,150,88,1
75,5081.237113402062,2218.350515463917,5423.40206185567,3297.938144329897,450,200,88,1
76,5354.318181818182,2664.090909090909,5183.787878787879,2746.742424242424,450,250,88,1
77,5609.674796747968,3208.455284552846,4907.235772357723,2227.560975609756,450,300,88,1
78,5912.631578947368,3683.508771929824,4738.157894736843,1751.929824561404,450,350,88,1
79,6268.294573643411,4123.798449612403,4622.713178294573,1303.720930232558,450,400,88,1
80,6685.5,4631.083333333333,4576.0,898.9166666666666,450,450,88,1
81,817.3202614379085,4784.117647058823,4388.039215686274,6450.980392156863,50,50,130,1
82,1220.753768844221,4899.497487437186,3973.56783919598,6063.91959798995,50,100,130,1
83,1483.842105263158,5002.315789473684,3421.842105263158,5878.473684210527,50,150,130,1
84,2661.542056074766,4986.869158878505,2924.345794392523,5622.990654205608,50,200,130,1
85,2495.897435897436,5178.888888888889,2594.358974358974,5325.641025641025,50,250,130,1
86,3066.313559322034,5599.025423728814,1966.440677966102,5115.847457627118,50,300,130,1
87,3651.330049261084,5979.704433497537,1406.502463054187,4659.605911330049,50,350,130,1
88,4293.913043478261,6110.760869565217,992.6086956521739,4777.010869565217,50,400,130,1
89,4553.940677966101,6464.152542372882,822.1610169491526,4634.618644067797,50,450,130,1
90,4601.69014084507,6304.049295774648,1016.443661971831,4115.352112676056,100,450,130,1
91,4064.827586206897,5937.413793103448,1263.908045977011,4375.459770114942,100,400,130,1
92,3854.831081081081,5344.054054054054,1671.317567567567,4410.540540540541,100,350,130,1
93,3125.30701754386,5145.789473684211,2145.438596491228,4542.5,100,300,130,1
94,2928.212560386473,4897.487922705314,2581.787439613527,4711.014492753623,100,250,130,1
95,2298.52,4530.96,3071.72,5292.72,100,200,130,1
96,1696.5,4561.863636363636,3602.272727272727,5563.090909090909,100,150,130,1
97,1260.032362459547,4365.533980582524,4062.038834951456,5718.252427184466,100,100,130,1
98,1158.921933085502,4091.561338289963,4522.081784386617,6265.873605947955,100,50,130,1
99,1512.072072072072,3651.981981981982,4827.702702702702,5702.567567567567,150,50,130,1
100,1932.105263157895,3713.245614035088,4235.701754385965,5309.69298245614,150,100,130,1
101,2037.347826086957,3917.0,3746.304347826087,5223.04347826087,150,150,130,1
102,2596.697247706422,4047.981651376147,3293.807339449541,4725.137614678899,150,200,130,1
103,2920.343642611684,4299.690721649485,3028.694158075602,4455.395189003437,150,250,130,1
104,3746.43137254902,4605.490196078431,2430.078431372549,4057.450980392157,150,300,130,1
105,3779.305019305019,5045.598455598456,2210.3861003861,3668.571428571428,150,350,130,1
106,4253.173913043478,5337.782608695652,1869.869565217391,3795.086956521739,150,400,130,1
107,4741.342592592592,5904.12037037037,1563.333333333333,3568.148148148148,150,450,130,1
108,4898.110599078341,5579.447004608295,2029.677419354839,3087.004608294931,200,450,130,1
109,4445.854922279793,5192.642487046632,2209.79274611399,3276.062176165803,200,400,130,1
110,3982.5,4807.19696969697,2514.469696969697,3459.962121212121,200,350,130,1
111,3622.053571428572,4451.383928571428,2808.482142857143,3731.830357142857,200,300,130,1
112,3247.544378698225,3972.07100591716,3188.550295857988,3852.869822485207,200,250,130,1
113,2836.627906976744,3569.147286821706,3579.341085271318,4363.372093023256,200,200,130,1
114,2442.982456140351,3433.771929824562,4182.163742690059,4556.812865497076,200,150,130,1
115,2402.140468227425,3138.695652173913,4464.983277591973,5196.454849498327,200,100,130,1
116,1969.612403100775,3129.302325581396,4966.899224806201,5711.046511627907,200,50,130,1
117,2671.575757575758,2626.30303030303,5202.484848484848,5122.424242424242,250,50,130,1
118,2595.213675213675,2896.324786324786,4679.188034188034,4956.538461538462,250,100,130,1
119,2991.858974358974,2849.807692307692,4289.74358974359,4578.461538461538,250,150,130,1
120,3439.837398373984,3122.357723577236,4224.918699186992,3828.008130081301,250,200,130,1
121,3674.611398963731,3570.518134715026,3522.124352331606,3390.725388601036,250,250,130,1
122,3863.772727272727,4020.636363636364,3171.5,3342.954545454545,250,300,130,1
123,4230.458333333333,4234.625,3185.791666666667,3015.041666666667,250,350,130,1
124,4908.894736842105,4659.578947368421,2693.578947368421,2817.21052631579,250,400,130,1
125,5139.444444444444,5351.166666666667,2808.444444444444,2447.333333333333,250,450,130,1
126,5342.606382978724,5106.382978723404,3279.148936170213,1897.393617021277,300,450,130,1
127,4961.209302325581,4524.697674418605,3164.883720930232,2243.906976744186,300,400,130,1
128,4564.04958677686,3986.98347107438,3475.413223140496,2480.123966942149,300,350,130,1
129,4281.098039215686,3547.647058823529,3769.764705882353,2706.509803921569,300,300,130,1
130,3814.528301886793,3394.528301886793,4132.688679245283,3104.292452830189,300,250,130,1
131,3546.538461538461,2839.102564102564,4218.589743589743,3632.948717948718,300,200,130,1
132,3312.545454545455,2428.227272727273,5024.227272727273,4202.136363636364,300,150,130,1
133,3197.038626609442,2150.343347639485,5361.330472103004,4392.06008583691,300,100,130,1
134,3108.071065989848,2164.314720812183,5433.553299492386,4826.852791878173,300,50,130,1
135,3476.737288135593,1706.440677966102,5783.601694915254,4937.669491525424,350,50,130,1
136,3584.21052631579,1737.315789473684,5504.105263157895,4630.421052631579,350,100,130,1
137,3850.676691729323,2067.894736842105,4940.075187969925,4023.609022556391,350,150,130,1
138,3968.214285714286,2619.540816326531,4791.938775510204,3274.234693877551,350,200,130,1
139,4243.716475095785,3073.946360153257,4281.226053639847,3028.16091954023,350,250,130,1
140,4546.0,3282.904761904762,4174.952380952381,2594.333333333333,350,300,130,1
141,5214.846153846154,3720.192307692308,4144.076923076923,1982.576923076923,350,350,130,1
142,5285.4,4441.95,3633.85,1885.55,350,400,130,1
143,5629.523809523809,4670.039682539683,3619.920634920635,1572.97619047619,350,450,130,1
144,5943.140096618357,4793.574879227053,4273.381642512078,1016.570048309179,400,450,130,1
145,5563.821989528796,4302.408376963351,4345.44502617801,1320.157068062827,400,400,130,1
146,5309.735682819383,3579.559471365639,4424.757709251101,1721.629955947137,400,350,130,1
147,4855.427135678392,3220.954773869347,4563.718592964824,2178.743718592965,400,300,130,1
148,4686.401273885351,2586.019108280255,4689.681528662421,3138.057324840765,400,250,130,1
149,4332.694300518135,2413.989637305699,5216.269430051813,3186.062176165803,400,200,130,1
150,4119.748953974896,1871.380753138075,5294.602510460251,3857.489539748954,400,150,130,1
151,4014.157303370786,1561.179775280899,5702.977528089888,4386.853932584269,400,100,130,1
152,3888.818181818182,1332.090909090909,6214.318181818182,4590.045454545455,400,50,130,1
153,4595.015873015873,732.063492063492,6393.047619047619,4682.507936507936,450,50,130,1
154,4493.52422907489,1330.660792951542,5986.696035242291,4152.511013215859,450,100,130,1
155,4638.932584269663,1831.629213483146,5936.067415730337,3471.179775280899,450,150,130,1
156,5116.920152091255,2627.528517110266,5346.425855513308,2953.460076045627,450,200,130,1
157,5223.083003952569,2584.268774703557,5939.9604743083,2414.189723320158,450,250,130,1
158,5334.761904761905,3195.198412698413,4841.626984126984,2032.18253968254,450,300,130,1
159,5635.551470588235,3585.992647058823,4992.389705882353,1506.764705882353,450,350,130,1
160,6294.513274336283,4236.681415929203,4549.026548672567,905.70796460177,450,400,130,1
161,6526.666666666667,4563.523809523809,4766.904761904761,571.7142857142857,450,450,130,1
162,725.6928838951311,4520.63670411985,4833.932584269663,6388.501872659176,50,50,170,1
163,1043.894736842105,4797.631578947368,4251.210526315789,6037.894736842105,50,100,170,1
164,1449.92337164751,4910.88122605364,3534.061302681992,6041.072796934866,50,150,170,1
165,2057.114427860697,5025.422885572139,3003.283582089552,5421.393034825871,50,200,170,1
166,2435.615763546798,5320.689655172414,2763.054187192118,5122.709359605911,50,250,170,1
167,2978.558558558559,5613.783783783784,1948.558558558559,5176.531531531532,50,300,170,1
168,3590.883534136546,5882.248995983936,1443.212851405623,4740.281124497992,50,350,170,1
169,3926.018099547511,6152.89592760181,967.9185520361991,4833.212669683258,50,400,170,1
170,4417.874396135266,6326.183574879227,765.9420289855072,4692.367149758454,50,450,170,1
171,4538.882978723404,6246.382978723404,1277.446808510638,3998.13829787234,100,450,170,1
172,4096.835443037975,5761.856540084388,1593.713080168776,4084.303797468354,100,400,170,1
173,3715.570776255708,5263.744292237443,1703.287671232877,4531.552511415525,100,350,170,1
174,3404.307116104869,4935.318352059925,2388.913857677903,4433.520599250936,100,300,170,1
175,2605.178571428572,4636.116071428572,2881.696428571428,4924.955357142857,100,250,170,1
176,2130.585585585586,4684.54954954955,3097.657657657658,5108.063063063063,100,200,170,1
177,1848.8995215311,4376.124401913876,3596.459330143541,5319.56937799043,100,150,170,1
178,1492.395437262358,4092.243346007604,4164.828897338403,5848.250950570342,100,100,170,1
179,1071.338289962825,4089.516728624536,4804.200743494423,6006.617100371747,100,50,170,1
180,1648.875,3708.583333333333,4761.25,5722.375,150,50,170,1
181,1733.8,3707.45,4188.5,5496.5,150,100,170,1
182,2061.061224489796,3793.510204081633,3929.102040816327,5129.632653061224,150,150,170,1
183,2673.596837944664,4046.126482213439,3578.774703557312,4699.209486166008,150,200,170,1
184,2894.708520179372,4579.372197309417,3089.686098654709,4293.04932735426,150,250,170,1
185,3481.344086021506,4645.268817204301,2367.956989247312,4219.193548387097,150,300,170,1
186,3814.126213592233,5196.116504854369,1994.854368932039,4029.854368932039,150,350,170,1
187,4278.810810810811,5368.216216216216,1895.243243243243,3892.378378378378,150,400,170,1
188,4721.152263374485,6097.942386831276,1444.362139917695,3735.267489711934,150,450,170,1
189,5156.208333333333,5757.625,1939.208333333333,3044.375,200,450,170,1
190,4452.731958762886,5227.268041237114,2355.103092783505,3190.927835051546,200,400,170,1
191,3945.911330049261,4716.256157635468,2553.20197044335,3365.418719211822,200,350,170,1
192,3891.957446808511,4378.936170212766,2770.936170212766,3609.574468085106,200,300,170,1
193,3066.634615384615,4133.23717948718,3146.698717948718,4088.910256410256,200,250,170,1
194,2749.479166666667,3799.21875,3812.708333333333,4253.385416666667,200,200,170,1
195,2695.151515151515,3302.979797979798,4213.989898989899,4600.80808080808,200,150,170,1
196,2165.572139303483,3261.641791044776,4698.109452736318,5037.611940298508,200,100,170,1
197,2029.567307692308,3264.423076923077,4954.375,5632.788461538462,200,50,170,1
198,2552.804878048781,2751.219512195122,5432.682926829269,5111.463414634146,250,50,170,1
199,2646.206896551724,2655.249042145594,5127.624521072797,4861.494252873563,250,100,170,1
200,2878.990825688074,2959.036697247706,4245.045871559633,4558.256880733945,250,150,170,1
201,3158.531073446328,3381.073446327684,4119.54802259887,3858.813559322034,250,200,170,1
202,3628.47619047619,3435.142857142857,3506.666666666667,3627.238095238095,250,250,170,1
203,3954.6875,3941.302083333333,3386.09375,3094.114583333333,250,300,170,1
204,4479.677419354839,4517.327188940092,2844.79262672811,2867.649769585254,250,350,170,1
205,4730.803858520901,4879.228295819936,2608.038585209003,2883.729903536977,250,400,170,1
206,5206.346153846154,5404.679487179487,2738.01282051282,2511.538461538461,250,450,170,1
207,5492.021857923497,5255.464480874317,3204.808743169399,2006.775956284153,300,450,170,1
208,5048.660714285715,4722.901785714285,3264.6875,2174.285714285714,300,400,170,1
209,4841.762295081967,3975.94262295082,3325.819672131147,2680.327868852459,300,350,170,1
210,4432.991071428572,3562.991071428572,3691.5625,2723.482142857143,300,300,170,1
211,3871.851851851852,3174.861111111111,4004.907407407407,3287.268518518519,300,250,170,1
212,3581.507936507936,3158.888888888889,4136.86507936508,3742.97619047619,300,200,170,1
213,3715.731707317073,2657.642276422764,4596.30081300813,4072.845528455285,300,150,170,1
214,3063.0,2402.086956521739,5248.347826086957,4493.130434782609,300,100,170,1
215,3216.425120772947,2071.690821256039,5414.589371980676,5056.763285024154,300,50,170,1
216,3560.681818181818,1702.386363636364,5952.045454545455,4703.238636363636,350,50,170,1
217,3690.478723404255,2007.553191489362,5224.148936170212,4458.670212765957,350,100,170,1
218,3852.489795918367,2313.877551020408,4858.448979591837,3990.448979591837,350,150,170,1
219,4310.178571428572,2846.651785714286,4514.464285714285,3302.8125,350,200,170,1
220,4363.802816901409,3288.68544600939,4432.910798122066,2851.549295774648,350,250,170,1
221,4953.45744680851,3333.989361702128,3897.074468085106,2657.127659574468,350,300,170,1
222,5167.692307692308,4034.820512820513,3750.307692307692,2054.461538461539,350,350,170,1
223,5416.696832579186,4550.452488687783,3519.909502262443,2095.972850678733,350,400,170,1
224,5825.409836065573,5032.622950819672,3428.415300546448,1756.72131147541,350,450,170,1
225,6131.102040816327,4796.244897959184,4002.040816326531,1322.408163265306,400,450,170,1
226,5760.137614678899,4201.192660550459,4231.582568807339,1351.628440366972,400,400,170,1
227,5715.17094017094,3577.136752136752,4214.102564102564,1943.547008547009,400,350,170,1
228,5060.229357798165,3337.247706422018,4402.568807339449,2462.064220183486,400,300,170,1
229,4762.536231884058,2599.963768115942,4777.68115942029,2831.811594202899,400,250,170,1
230,4525.66037735849,2325.61320754717,4931.981132075472,3299.716981132075,400,200,170,1
231,4489.031007751938,2027.209302325581,5289.263565891473,3709.961240310077,400,150,170,1
232,4165.582524271845,1568.349514563107,5763.106796116504,4107.233009708738,400,100,170,1
233,4073.647058823529,1269.64705882353,6043.941176470588,4892.0,400,50,170,1
234,4616.064814814815,827.3611111111111,6607.12962962963,4560.138888888889,450,50,170,1
235,4641.875,1244.0625,6258.828125,4061.875,450,100,170,1
236,4823.930348258707,1429.751243781094,5835.820895522388,3701.094527363184,450,150,170,1
237,5301.764705882353,1870.0,5601.443850267379,3065.187165775401,450,200,170,1
238,5260.443349753695,2657.733990147783,5380.64039408867,2517.142857142857,450,250,170,1
239,5850.899653979239,2948.615916955017,4915.432525951557,2265.432525951557,450,300,170,1
240,6025.251396648045,3487.653631284916,4900.111731843575,1492.960893854749,450,350,170,1
241,6192.474747474747,4255.20202020202,4817.121212121212,1004.292929292929,450,400,170,1
242,6546.121495327103,4638.738317757009,4462.803738317757,869.2523364485982,450,450,170,1
243,1065.529411764706,4794.549019607844,4521.137254901961,6464.470588235294,50,50,200,1
244,1221.782945736434,4838.604651162791,4211.434108527132,6109.186046511628,50,100,200,1
245,1720.395480225989,4716.779661016949,3593.050847457627,6173.502824858757,50,150,200,1
246,2179.322033898305,5146.38418079096,3064.237288135593,5438.813559322034,50,200,200,1
247,2549.79079497908,5416.652719665272,2564.644351464435,5498.744769874477,50,250,200,1
248,3054.205607476636,5394.906542056075,2295.140186915888,5239.532710280374,50,300,200,1
249,3553.658536585366,5952.134146341464,1772.682926829268,4717.256097560976,50,350,200,1
250,4079.802955665024,6305.320197044335,1370.049261083744,4629.753694581281,50,400,200,1
251,4561.734104046242,6630.173410404625,890.7514450867052,4483.121387283237,50,450,200,1
252,4649.819277108434,6074.156626506024,1312.710843373494,4212.590361445783,100,450,200,1
253,4188.387096774193,5701.881720430108,1555.591397849462,4204.94623655914,100,400,200,1
254,3767.547169811321,5612.169811320755,1741.981132075472,4334.433962264151,100,350,200,1
255,3391.122994652406,5347.165775401069,2165.775401069519,4500.909090909091,100,300,200,1
256,2816.0,4958.177777777778,2850.044444444444,4760.488888888889,100,250,200,1
257,2342.324324324324,4775.459459459459,3314.162162162162,5056.594594594595,100,200,200,1
258,2191.465968586388,4431.832460732984,3576.544502617801,5413.089005235602,100,150,200,1
259,1567.272727272727,4347.272727272727,4070.802139037433,5964.385026737968,100,100,200,1
260,1286.092715231788,4369.006622516556,4547.880794701987,6359.933774834437,100,50,200,1
261,1807.188940092166,3617.603686635945,5020.829493087557,5783.364055299539,150,50,200,1
262,1865.905172413793,3955.431034482759,4465.517241379311,5451.379310344828,150,100,200,1
263,2198.186274509804,3880.588235294118,4229.068627450981,5193.333333333333,150,150,200,1
264,2557.685589519651,4434.672489082969,3287.467248908297,4788.733624454148,150,200,200,1
265,3174.090909090909,4472.424242424242,2840.707070707071,4406.363636363636,150,250,200,1
266,3441.538461538461,4797.128205128205,2685.076923076923,4086.358974358974,150,300,200,1
267,3979.54802259887,5004.350282485876,1979.491525423729,4230.960451977401,150,350,200,1
268,4503.080357142857,5573.035714285715,1654.553571428571,3685.535714285714,150,400,200,1
269,4819.775784753363,5920.627802690583,1402.017937219731,3862.017937219731,150,450,200,1
270,5014.915254237289,5439.830508474576,2062.994350282486,3292.655367231639,200,450,200,1
271,4697.351351351352,5020.216216216216,2336.0,3200.324324324324,200,400,200,1
272,4104.40594059406,4824.059405940594,2677.079207920792,3375.247524752475,200,350,200,1
273,3863.542600896861,4243.318385650225,2754.57399103139,3974.304932735426,200,300,200,1
274,3230.680628272251,4150.0,3146.282722513089,4167.591623036649,200,250,200,1
275,2873.621621621622,3586.162162162162,3800.648648648649,4633.135135135135,200,200,200,1
276,2562.290748898678,3593.876651982379,4011.894273127753,5026.828193832599,200,150,200,1
277,2537.688888888889,3577.733333333333,4513.6,5114.222222222223,200,100,200,1
278,2163.502538071066,3228.832487309645,5259.94923857868,5536.700507614213,200,50,200,1
279,2641.484375,2744.296875,5150.625,5402.65625,250,50,200,1
280,2722.849162011173,2658.324022346369,5088.491620111732,5094.748603351955,250,100,200,1
281,3231.826923076923,2839.182692307692,4591.057692307692,4450.625,250,150,200,1
282,3309.308755760369,3432.94930875576,4085.115207373272,3998.571428571428,250,200,200,1
283,3825.829383886256,3465.63981042654,3548.009478672986,3762.843601895735,250,250,200,1
284,4254.726368159204,3853.432835820895,3567.910447761194,3238.358208955224,250,300,200,1
285,4378.556701030928,4207.525773195876,3060.85910652921,3199.621993127148,250,350,200,1
286,4799.489795918367,4930.816326530612,2639.948979591837,2918.367346938775,250,400,200,1
287,5484.698275862069,5348.879310344828,2525.0,2545.0,250,450,200,1
288,5494.85576923077,5065.048076923077,3253.173076923077,2101.682692307692,300,450,200,1
289,5089.829545454545,4631.193181818182,3125.965909090909,2549.488636363636,300,400,200,1
290,4680.246913580247,4215.864197530864,3589.012345679012,2565.0,300,350,200,1
291,4333.773584905661,3999.528301886793,3580.283018867925,3158.490566037736,300,300,200,1
292,4041.421319796954,3158.527918781726,4006.598984771574,3473.197969543147,300,250,200,1
293,3853.009708737864,2767.281553398058,4641.21359223301,3621.893203883495,300,200,200,1
294,3485.065502183406,2603.362445414847,4795.196506550218,4120.480349344978,300,150,200,1
295,3648.4375,2155.234375,5024.8046875,4745.7421875,300,100,200,1
296,3194.325581395349,1983.953488372093,5729.209302325581,5217.116279069767,300,50,200,1
297,3717.701863354037,1716.832298136646,5752.795031055901,5013.913043478261,350,50,200,1
298,3770.192307692308,1920.038461538461,5306.576923076923,4404.807692307692,350,100,200,1
299,4209.446808510638,2266.127659574468,4983.95744680851,3874.723404255319,350,150,200,1
300,4172.125603864734,2648.405797101449,4912.850241545893,3411.207729468599,350,200,200,1
301,4551.153846153846,2857.649572649573,4304.48717948718,3163.034188034188,350,250,200,1
302,4704.418604651163,3554.709302325582,4274.244186046511,2528.081395348837,350,300,200,1
303,5080.324074074074,3892.777777777778,3787.592592592593,2356.898148148148,350,350,200,1
304,5431.826923076923,4474.182692307692,3866.971153846154,1841.394230769231,350,400,200,1
305,5933.839285714285,4716.25,3627.901785714286,1583.616071428571,350,450,200,1
306,6155.79335793358,4708.487084870849,4134.833948339483,1153.616236162362,400,450,200,1
307,5889.077669902913,4079.660194174757,4105.922330097087,1719.708737864078,400,400,200,1
308,5634.210526315789,3599.760765550239,4374.401913875598,1780.526315789474,400,350,200,1
309,5124.719626168225,3150.467289719626,4653.130841121495,2405.934579439253,400,300,200,1
310,4873.381642512078,2877.536231884058,4658.550724637681,2957.101449275362,400,250,200,1
311,4791.650943396226,2352.028301886793,4961.462264150943,3136.698113207547,400,200,200,1
312,4427.125,2059.5,5518.25,3686.916666666667,400,150,200,1
313,4317.278106508876,1567.692307692308,5928.461538461538,4122.307692307692,400,100,200,1
314,4217.972972972973,1333.153153153153,6018.513513513513,4652.972972972973,400,50,200,1
315,4627.894736842105,1020.0,6338.218623481781,4574.858299595142,450,50,200,1
316,4719.954751131222,1069.72850678733,6120.633484162896,4235.656108597285,450,100,200,1
317,5118.091286307054,1540.995850622407,5901.120331950207,3544.398340248963,450,150,200,1
318,5108.078602620088,2228.733624454148,5659.43231441048,3018.864628820961,450,200,200,1
319,5330.25,2773.3125,5378.6875,2554.875,450,250,200,1
320,5757.594339622641,3045.047169811321,5087.358490566037,2034.245283018868,450,300,200,1
321,5829.126213592233,3499.514563106796,4824.077669902913,1798.543689320388,450,350,200,1
322,6202.682926829269,4098.975609756098,4572.878048780488,1307.80487804878,450,400,200,1
323,6707.976653696498,4687.15953307393,4494.591439688716,831.9844357976654,450,450,200,1
324,764.1379310344828,4547.816091954023,4555.057471264367,6298.045977011494,50,50,88,0
325,1098.541666666667,4675.0,4108.4375,5944.166666666667,50,100,88,0
326,1568.390804597701,4762.758620689655,3606.436781609195,5618.505747126437,50,150,88,0
327,2008.590604026846,4974.228187919463,3085.503355704698,5323.355704697987,50,200,88,0
328,2487.515923566879,5121.528662420382,2600.700636942675,5033.566878980891,50,250,88,0
329,2968.376623376623,5422.987012987013,2149.220779220779,4832.922077922078,50,300,88,0
330,3526.369047619048,5707.321428571428,1700.178571428571,4634.821428571428,50,350,88,0
331,4007.228915662651,6074.036144578313,1286.807228915663,4486.024096385542,50,400,88,0
332,4496.261682242991,6400.560747663551,1019.345794392523,4404.112149532711,50,450,88,0
333,4586.595744680851,5994.148936170212,1295.744680851064,3960.957446808511,100,450,88,0
334,4102.040816326531,5666.802721088436,1568.163265306122,3976.122448979592,100,400,88,0
335,3610.699300699301,5334.055944055944,1881.748251748252,4142.097902097902,100,350,88,0
336,3107.741935483871,5017.741935483871,2298.387096774194,4344.94623655914,100,300,88,0
337,2624.285714285714,4703.896103896104,2773.116883116883,4612.857142857143,100,250,88,0
338,2126.022727272727,4497.045454545455,3241.363636363636,4925.454545454545,100,200,88,0
339,1763.302752293578,4309.908256880734,3763.02752293578,5222.018348623853,100,150,88,0
340,1345.0,4153.051948051948,4207.337662337663,5590.714285714285,100,100,88,0
341,1134.186046511628,4047.790697674418,4657.96511627907,5969.593023255814,100,50,88,0
342,1540.0,3570.333333333333,4816.583333333333,5618.666666666667,150,50,88,0
343,1793.636363636364,3647.878787878788,4353.434343434344,5242.121212121212,150,100,88,0
344,2079.824561403509,3819.912280701754,3909.21052631579,4866.052631578948,150,150,88,0
345,2437.121212121212,4054.848484848485,3463.333333333333,4537.272727272727,150,200,88,0
346,2819.888888888889,4319.666666666667,3014.555555555556,4208.777777777777,150,250,88,0
347,3280.120481927711,4659.879518072289,2599.036144578313,3859.277108433735,150,300,88,0
348,3717.894736842105,4991.473684210527,2259.684210526316,3720.105263157895,150,350,88,0
349,4232.830188679245,5407.641509433963,1932.641509433962,3587.547169811321,150,400,88,0
350,4693.027522935779,5731.376146788991,1753.48623853211,3451.651376146789,150,450,88,0
351,4848.660714285715,5458.214285714285,2177.053571428572,2956.875,200,450,88,0
352,4423.857142857143,5091.285714285715,2364.428571428572,3109.571428571428,200,400,88,0
353,4018.588235294118,4692.35294117647,2633.058823529412,3284.941176470588,200,350,88,0
354,3551.858407079646,4306.371681415929,2906.548672566372,3553.716814159292,200,300,88,0
355,3109.53125,3954.609375,3289.296875,3871.484375,200,250,88,0
356,2788.269230769231,3631.730769230769,3693.75,4229.326923076923,200,200,88,0
357,2470.78125,3380.0,4127.1875,4557.8125,200,150,88,0
358,2200.423728813559,3178.559322033898,4556.694915254237,4955.677966101695,200,100,88,0
359,2002.022471910112,3050.393258426966,5007.977528089888,5383.314606741573,200,50,88,0
360,2454.262295081967,2585.163934426229,5275.901639344263,5128.606557377049,250,50,88,0
361,2659.099099099099,2714.954954954955,4791.981981981982,4705.675675675676,250,100,88,0
362,2855.949367088608,2912.784810126582,4342.278481012659,4316.455696202532,250,150,88,0
363,3156.413793103448,3216.96551724138,3982.068965517241,3909.931034482759,250,200,88,0
364,3502.769230769231,3564.769230769231,3580.769230769231,3521.384615384615,250,250,88,0
365,3876.260869565217,3962.782608695652,3286.0,3166.0,250,300,88,0
366,4297.04,4381.92,3012.8,2848.88,250,350,88,0
367,4711.156462585034,4799.795918367347,2809.047619047619,2613.537414965986,250,400,88,0
368,5138.461538461538,5232.115384615385,2639.903846153846,2478.846153846154,250,450,88,0
369,5386.451612903225,4961.129032258064,3119.83870967742,1957.177419354839,300,450,88,0
370,5030.446428571428,4508.75,3258.392857142857,2152.946428571428,300,400,88,0
371,4614.736842105263,4085.877192982456,3416.929824561404,2421.315789473684,300,350,88,0
372,4234.392523364486,3615.700934579439,3646.822429906542,2792.14953271028,300,300,88,0
373,3914.806201550387,3265.503875968992,3900.930232558139,3164.341085271318,300,250,88,0
374,3573.478260869565,2902.463768115942,4248.840579710145,3679.130434782609,300,200,88,0
375,3284.918032786885,2627.049180327869,4574.262295081967,4111.803278688524,300,150,88,0
376,3068.095238095238,2364.642857142857,5022.5,4458.571428571428,300,100,88,0
377,2938.181818181818,2242.424242424242,5490.833333333333,5019.848484848485,300,50,88,0
378,3418.560606060606,1766.363636363636,5778.712121212121,4789.015151515152,350,50,88,0
379,3516.747967479675,1978.292682926829,5338.780487804878,4315.853658536585,350,100,88,0
380,3712.959183673469,2260.30612244898,4937.34693877551,3847.244897959184,350,150,88,0
381,3917.676767676768,2629.59595959596,4633.434343434344,3407.474747474747,350,200,88,0
382,4214.186046511628,3053.023255813954,4286.395348837209,2918.372093023256,350,250,88,0
383,4517.378640776699,3485.631067961165,4042.912621359224,2463.106796116505,350,300,88,0
384,4891.414141414141,3914.949494949495,3772.424242424242,2039.69696969697,350,350,88,0
385,5306.395348837209,4351.744186046511,3583.372093023256,1776.395348837209,350,400,88,0
386,5701.818181818182,4809.431818181818,3533.295454545455,1585.681818181818,350,450,88,0
387,6044.126984126984,4682.460317460317,4021.666666666667,1111.984126984127,400,450,88,0
388,5620.373831775701,4129.626168224299,4166.355140186916,1444.579439252336,400,400,88,0
389,5275.652173913043,3712.347826086957,4345.391304347826,1755.826086956522,400,350,88,0
390,5002.142857142857,3216.071428571428,4526.547619047619,2200.714285714286,400,300,88,0
391,4723.163265306122,2795.30612244898,4723.163265306122,2658.775510204081,400,250,88,0
392,4408.220338983051,2368.728813559322,5018.559322033899,3229.576271186441,400,200,88,0
393,4209.684210526316,1980.526315789474,5305.052631578948,3670.421052631579,400,150,88,0
394,4072.0,1633.181818181818,5709.181818181818,4115.090909090909,400,100,88,0
395,3909.021739130435,1348.04347826087,6053.152173913043,4627.608695652174,400,50,88,0
396,4416.333333333333,1060.666666666667,6388.333333333333,4540.5,450,50,88,0
397,4504.4,1338.533333333333,6033.866666666667,4002.066666666667,450,100,88,0
398,4643.666666666667,1783.0,5709.888888888889,3572.111111111111,450,150,88,0
399,4834.035087719299,2218.245614035088,5423.859649122807,3058.245614035088,450,200,88,0
400,5087.260273972603,2664.246575342466,5183.287671232877,2526.712328767123,450,250,88,0
401,5367.777777777777,3208.641975308642,4906.172839506173,1982.345679012346,450,300,88,0
402,5672.577319587629,3683.40206185567,4737.835051546392,1501.237113402062,450,350,88,0
403,6034.0,4123.263157894737,4622.842105263157,1050.315789473684,450,400,88,0
404,6428.815789473684,4630.657894736843,4575.921052631579,665.5263157894736,450,450,88,0
405,852.1008403361344,4578.235294117647,4388.403361344538,6455.46218487395,50,50,130,0
406,1005.0,4648.098591549296,3974.295774647887,6064.43661971831,50,100,130,0
407,1484.444444444444,4747.847222222223,3421.875,5645.416666666667,50,150,130,0
408,2032.028301886792,4978.396226415094,2910.849056603774,5382.830188679245,50,200,130,0
409,2513.928571428572,5185.357142857143,2420.0,5075.357142857143,50,250,130,0
410,3058.791946308725,5460.738255033557,1960.671140939597,4892.416107382551,50,300,130,0
411,3530.132450331126,5781.059602649007,1412.582781456954,4668.741721854305,50,350,130,0
412,4036.666666666667,6110.20202020202,992.4242424242424,4545.757575757576,50,400,130,0
413,4550.747126436781,6466.666666666667,671.9540229885057,4483.16091954023,50,450,130,0
414,4606.168224299066,6096.261682242991,1018.878504672897,4010.467289719626,100,450,130,0
415,4064.903846153846,5711.442307692308,1263.846153846154,4116.442307692308,100,400,130,0
416,3619.069767441861,5344.790697674419,1671.53488372093,4157.813953488372,100,350,130,0
417,3136.0,5010.857142857143,2141.714285714286,4378.928571428572,100,300,130,0
418,2661.648351648352,4740.659340659341,2580.549450549451,4716.153846153846,100,250,130,0
419,2193.36,4529.28,3079.36,5062.72,100,200,130,0
420,1695.869565217391,4329.782608695652,3601.521739130435,5307.898550724638,100,150,130,0
421,1260.238095238095,4208.015873015873,4066.587301587302,5627.698412698413,100,100,130,0
422,934.7142857142857,4092.857142857143,4521.285714285715,6002.857142857143,100,50,130,0
423,1508.161764705882,3567.720588235294,4672.5,5706.10294117647,150,50,130,0
424,1765.4375,3607.9375,4229.8125,5316.875,150,100,130,0
425,2042.137404580153,3796.717557251909,3756.488549618321,4955.87786259542,150,150,130,0
426,2465.379310344827,4048.0,3284.206896551724,4573.517241379311,150,200,130,0
427,2925.477707006369,4296.496815286624,2860.254777070063,4245.350318471337,150,250,130,0
428,3390.0,4613.724137931034,2437.03448275862,3935.655172413793,150,300,130,0
429,3774.270833333333,4944.0625,2085.0,3670.9375,150,350,130,0
430,4252.23076923077,5348.692307692308,1736.0,3497.538461538461,150,400,130,0
431,4744.736842105263,5727.105263157895,1564.473684210526,3408.157894736842,150,450,130,0
432,4897.692307692308,5326.153846153846,2028.692307692308,2836.692307692308,200,450,130,0
433,4446.036036036036,4957.207207207207,2210.54054054054,3025.225225225225,200,400,130,0
434,3981.527777777778,4543.263888888889,2515.069444444444,3235.694444444444,200,350,130,0
435,3621.12,4199.68,2808.4,3494.88,200,300,130,0
436,3110.683760683761,3856.239316239316,3186.068376068376,3852.393162393163,200,250,130,0
437,2726.217948717949,3571.153846153846,3583.846153846154,4208.910256410257,200,200,130,0
438,2449.21568627451,3316.764705882353,4021.764705882353,4557.254901960784,200,150,130,0
439,2161.631578947368,3138.842105263158,4465.315789473684,4948.578947368421,200,100,130,0
440,1975.93023255814,2986.511627906977,4968.488372093023,5393.604651162791,200,50,130,0
441,2449.897959183673,2540.204081632653,5204.489795918367,5118.775510204082,250,50,130,0
442,2595.763888888889,2676.041666666667,4678.888888888889,4690.138888888889,250,100,130,0
443,2747.5,2849.375,4289.875,4335.25,250,150,130,0
444,3133.75,3121.25,3899.333333333333,3829.833333333333,250,200,130,0
445,3472.857142857143,3450.714285714286,3522.410714285714,3383.839285714286,250,250,130,0
446,3864.242424242424,3840.40404040404,3166.262626262626,3087.575757575758,250,300,130,0
447,4229.882352941177,4241.294117647059,2935.411764705882,2785.176470588235,250,350,130,0
448,4668.536585365854,4660.813008130081,2693.90243902439,2569.10569105691,250,400,130,0
449,5138.976377952756,5117.716535433071,2554.251968503937,2446.771653543307,250,450,130,0
450,5342.612612612613,4864.864864864865,3031.981981981982,1889.90990990991,300,450,130,0
451,4959.154929577465,4383.028169014085,3164.366197183098,2078.802816901408,300,400,130,0
452,4561.764705882353,3987.254901960785,3331.372549019608,2365.882352941177,300,350,130,0
453,4189.080459770115,3544.48275862069,3563.563218390805,2711.264367816092,300,300,130,0
454,3814.962406015038,3148.270676691729,3891.353383458646,3103.984962406015,300,250,130,0
455,3545.140186915888,2731.308411214953,4215.607476635514,3495.794392523364,300,200,130,0
456,3311.090909090909,2432.090909090909,4561.454545454545,3905.090909090909,300,150,130,0
457,3123.304347826087,2151.826086956522,4994.782608695652,4386.782608695652,300,100,130,0
458,2988.453608247423,2014.329896907217,5430.618556701031,4825.773195876289,300,50,130,0
459,3478.861788617886,1487.80487804878,5783.414634146341,4653.577235772358,350,50,130,0
460,3577.525773195876,1733.19587628866,5336.18556701031,4230.618556701031,350,100,130,0
461,3764.606741573034,2066.85393258427,4939.662921348315,3696.85393258427,350,150,130,0
462,3970.847457627119,2490.677966101695,4591.949152542373,3276.949152542373,350,200,130,0
463,4239.462365591397,2871.505376344086,4283.010752688172,2764.301075268817,350,250,130,0
464,4550.098039215686,3288.039215686274,4019.509803921569,2399.509803921569,350,300,130,0
465,4848.933333333333,3725.2,3781.2,1954.733333333333,350,350,130,0
466,5285.403225806452,4195.403225806452,3633.145161290322,1646.290322580645,350,400,130,0
467,5633.846153846154,4677.897435897436,3522.205128205128,1459.641025641026,350,450,130,0
468,5943.361344537815,4558.319327731092,4021.764705882353,1016.218487394958,400,450,130,0
469,5563.228346456693,4044.881889763779,4112.36220472441,1320.0,400,400,130,0
470,5196.153846153846,3578.717948717949,4240.683760683761,1725.982905982906,400,350,130,0
471,4860.650406504065,3113.008130081301,4412.032520325203,2191.788617886179,400,300,130,0
472,4586.222222222223,2581.0,4678.277777777777,2664.055555555556,400,250,130,0
473,4330.943396226415,2166.320754716981,4978.867924528302,3186.509433962264,400,200,130,0
474,4119.144385026738,1768.609625668449,5285.080213903743,3620.160427807486,400,150,130,0
475,4014.191176470588,1344.485294117647,5702.205882352941,4112.573529411765,400,100,130,0
476,3903.488372093023,1122.558139534884,6041.472868217054,4596.279069767442,400,50,130,0
477,4419.642857142857,729.7142857142857,6392.928571428572,4521.285714285715,450,50,130,0
478,4488.73949579832,1167.563025210084,5976.470588235294,3983.949579831933,450,100,130,0
479,4640.851063829788,1602.021276595745,5678.936170212766,3471.702127659575,450,150,130,0
480,4863.136094674556,2092.603550295858,5340.118343195266,2944.674556213018,450,200,130,0
481,5078.672566371682,2590.088495575221,5122.212389380531,2412.300884955752,450,250,130,0
482,5337.15976331361,3084.378698224852,4849.763313609467,1913.609467455621,450,300,130,0
483,5635.675675675676,3584.391891891892,4690.202702702702,1372.094594594595,450,350,130,0
484,5925.670103092783,4070.103092783505,4550.309278350515,908.9690721649484,450,400,130,0
485,6266.831683168317,4565.544554455446,4475.346534653465,568.9108910891089,450,450,130,0
486,637.9661016949152,4530.0,4454.406779661017,6391.581920903955,50,50,170,0
487,1043.189655172414,4560.344827586207,4003.96551724138,6037.672413793103,50,100,170,0
488,1444.285714285714,4720.380952380952,3534.380952380952,5748.952380952381,50,150,170,0
489,1943.305785123967,4897.520661157025,3000.826446280992,5418.264462809917,50,200,170,0
490,2436.418918918919,5078.918918918919,2516.756756756757,5122.972972972973,50,250,170,0
491,2979.007092198582,5374.609929078014,1948.22695035461,4928.297872340426,50,300,170,0
492,3430.335570469799,5688.791946308725,1443.288590604027,4734.96644295302,50,350,170,0
493,3924.366197183098,6057.323943661971,970.3521126760563,4590.211267605634,50,400,170,0
494,4411.165048543689,6320.776699029127,589.2233009708738,4536.601941747573,50,450,170,0
495,4538.778625954198,6008.625954198474,1024.351145038168,3998.396946564886,100,450,170,0
496,4090.24,5627.84,1318.56,4063.04,100,400,170,0
497,3612.054794520548,5261.164383561644,1707.945205479452,4224.58904109589,100,350,170,0
498,3097.071428571428,4934.928571428572,2160.5,4432.071428571428,100,300,170,0
499,2603.981481481481,4633.055555555556,2639.907407407407,4645.555555555556,100,250,170,0
500,2125.851063829787,4425.0,3095.744680851064,4971.808510638298,100,200,170,0
501,1767.894736842105,4220.087719298245,3593.771929824562,5316.228070175439,100,150,170,0
502,1375.707317073171,4091.414634146342,4167.268292682927,5628.926829268293,100,100,170,0
503,1078.380952380952,4003.904761904762,4543.619047619048,6007.333333333333,100,50,170,0
504,1523.612903225806,3528.516129032258,4758.83870967742,5721.096774193548,150,50,170,0
505,1728.707482993197,3588.43537414966,4185.78231292517,5379.931972789115,150,100,170,0
506,2070.08064516129,3796.370967741936,3758.467741935484,4955.0,150,150,170,0
507,2480.990990990991,4042.792792792793,3280.45045045045,4694.504504504504,150,200,170,0
508,2891.923076923077,4311.538461538462,2846.153846153846,4298.461538461538,150,250,170,0
509,3310.325203252033,4640.487804878048,2369.756097560976,4070.731707317073,150,300,170,0
510,3814.836065573771,4950.819672131148,1995.0,3789.180327868853,150,350,170,0
511,4279.904761904761,5364.952380952381,1661.047619047619,3627.047619047619,150,400,170,0
512,4722.347826086957,5780.608695652174,1445.652173913043,3517.04347826087,150,450,170,0
513,4926.857142857143,5508.476190476191,1937.52380952381,3014.952380952381,200,450,170,0
514,4453.636363636364,4977.272727272727,2115.206611570248,3190.247933884298,200,400,170,0
515,3950.13422818792,4565.637583892618,2423.489932885906,3366.778523489933,200,350,170,0
516,3500.309278350515,4221.443298969072,2774.123711340206,3606.59793814433,200,300,170,0
517,3071.774193548387,3882.849462365592,3151.344086021506,3882.741935483871,200,250,170,0
518,2749.274193548387,3552.177419354839,3575.403225806452,4253.709677419355,200,200,170,0
519,2420.645161290322,3304.301075268817,4019.139784946236,4599.89247311828,200,150,170,0
520,2162.857142857143,3117.518796992481,4483.533834586467,5031.052631578948,200,100,170,0
521,2031.28,3012.24,4954.72,5398.0,200,50,170,0
522,2552.674418604651,2511.627906976744,5186.976744186047,5111.162790697675,250,50,170,0
523,2655.54054054054,2658.648648648649,4679.72972972973,4741.621621621622,250,100,170,0
524,2879.222222222222,2837.555555555556,4245.333333333333,4328.555555555556,250,150,170,0
525,3159.509803921569,3138.921568627451,3875.0,3858.235294117647,250,200,170,0
526,3544.795918367347,3440.204081632653,3505.816326530612,3449.489795918367,250,250,170,0
527,3946.717557251909,3814.809160305344,3174.809160305344,3091.603053435114,250,300,170,0
528,4305.63829787234,4250.851063829788,2847.978723404255,2863.085106382979,250,350,170,0
529,4725.833333333333,4754.090909090909,2605.984848484848,2671.060606060606,250,400,170,0
530,5206.896551724138,5162.241379310345,2492.931034482759,2510.51724137931,250,450,170,0
531,5491.578947368421,4989.035087719299,2983.684210526316,2006.40350877193,300,450,170,0
532,5032.619047619048,4430.0,3141.031746031746,2176.825396825397,300,400,170,0
533,4635.833333333333,3970.833333333333,3322.916666666667,2462.5,300,350,170,0
534,4241.485148514851,3559.80198019802,3555.544554455445,2721.782178217822,300,300,170,0
535,3883.245614035088,3179.736842105263,3832.894736842105,3109.385964912281,300,250,170,0
536,3579.473684210526,2823.947368421052,4136.578947368421,3571.842105263158,300,200,170,0
537,3234.0,2479.515151515152,4596.545454545455,4065.030303030303,300,150,170,0
538,3062.135922330097,2242.621359223301,4990.873786407767,4490.679611650486,300,100,170,0
539,2959.223300970874,2075.04854368932,5418.640776699029,4934.660194174758,300,50,170,0
540,3561.359223300971,1475.631067961165,5691.844660194175,4703.300970873786,350,50,170,0
541,3690.686274509804,1755.196078431373,5226.862745098039,4206.372549019608,350,100,170,0
542,3856.190476190476,2054.761904761905,4860.396825396825,3832.222222222222,350,150,170,0
543,4089.166666666667,2486.770833333333,4513.4375,3303.125,350,200,170,0
544,4372.941176470588,2919.579831932773,4167.310924369748,2859.747899159664,350,250,170,0
545,4664.271844660194,3333.78640776699,3898.252427184466,2441.359223300971,350,300,170,0
546,5017.663551401869,3782.056074766355,3746.728971962617,2053.271028037383,350,350,170,0
547,5409.052631578948,4245.157894736843,3520.0,1707.789473684211,350,400,170,0
548,5825.193798449613,4780.62015503876,3427.596899224806,1521.782945736434,350,450,170,0
549,6130.670391061452,4562.17877094972,4002.402234636872,1072.960893854749,400,450,170,0
550,5763.361344537815,4058.235294117647,4055.714285714286,1355.126050420168,400,400,170,0
551,5392.123287671233,3570.54794520548,4206.027397260274,1779.041095890411,400,350,170,0
552,5060.357142857143,3104.0,4402.357142857143,2209.857142857143,400,300,170,0
553,4771.240310077519,2601.317829457364,4651.007751937985,2694.418604651163,400,250,170,0
554,4527.014925373134,2139.626865671642,4929.328358208955,3176.343283582089,400,200,170,0
555,4337.214285714285,1652.142857142857,5274.071428571428,3702.5,400,150,170,0
556,4171.62962962963,1309.407407407407,5633.037037037037,4111.111111111111,400,100,170,0
557,4074.554455445545,1032.475247524752,6043.960396039604,4640.891089108911,400,50,170,0
558,4615.562913907284,578.8741721854304,6368.079470198675,4559.867549668874,450,50,170,0
559,4641.971830985915,997.1830985915493,6018.732394366197,4062.25352112676,450,100,170,0
560,4818.791946308725,1428.859060402684,5708.926174496644,3586.510067114094,450,150,170,0
561,5021.958762886598,1872.474226804124,5433.19587628866,3067.835051546392,450,200,170,0
562,5259.029126213592,2421.650485436893,5129.611650485437,2516.699029126214,450,250,170,0
563,5568.16,2945.04,4912.16,1986.4,450,300,170,0
564,5861.019108280255,3489.108280254777,4708.28025477707,1498.726114649681,450,350,170,0
565,6192.407407407408,4032.12962962963,4552.87037037037,1004.722222222222,450,400,170,0
566,6542.5,4497.822580645161,4462.903225806452,637.1774193548387,450,450,170,0
567,933.0612244897959,4557.414965986394,4519.727891156463,6453.877551020408,50,50,200,0
568,1230.847457627119,4624.237288135593,4086.35593220339,6122.796610169492,50,100,200,0
569,1630.25,4719.083333333333,3592.75,5815.416666666667,50,150,200,0
570,2099.136690647482,4896.258992805755,3061.223021582734,5442.517985611511,50,200,200,0
571,2550.506329113924,5117.848101265823,2559.113924050633,5193.291139240507,50,250,200,0
572,3043.211678832117,5392.481751824817,2038.248175182482,4959.124087591241,50,300,200,0
573,3553.980582524272,5691.650485436893,1546.21359223301,4701.067961165048,50,350,200,0
574,4079.53125,6008.125,1042.34375,4632.1875,50,400,200,0
575,4562.233009708738,6397.47572815534,638.0582524271845,4483.495145631068,50,450,200,0
576,4650.76923076923,6073.736263736264,1053.186813186813,3983.076923076923,100,450,200,0
577,4191.009174311926,5697.706422018348,1340.091743119266,4116.788990825688,100,400,200,0
578,3765.0,5393.032786885246,1742.950819672131,4205.245901639344,100,350,200,0
579,3255.0,5055.888888888889,2163.666666666667,4496.222222222223,100,300,200,0
580,2816.32183908046,4742.183908045977,2596.666666666667,4751.149425287356,100,250,200,0
581,2342.056074766355,4537.85046728972,3066.915887850467,5055.981308411215,100,200,200,0
582,1934.392523364486,4317.570093457944,3578.878504672897,5417.757009345794,100,150,200,0
583,1567.196261682243,4174.579439252337,4068.03738317757,5734.205607476635,100,100,200,0
584,1284.512195121951,4151.341463414634,4547.682926829269,6090.975609756098,100,50,200,0
585,1675.882352941177,3616.176470588235,4725.098039215686,5781.862745098039,150,50,200,0
586,1865.454545454545,3724.825174825175,4210.139860139861,5451.188811188811,150,100,200,0
587,2195.0,3876.826923076923,3772.788461538461,5032.01923076923,150,150,200,0
588,2552.027027027027,4096.621621621622,3290.810810810811,4704.324324324324,150,200,200,0
589,2979.652173913043,4348.086956521739,2845.130434782609,4369.478260869565,150,250,200,0
590,3442.264150943396,4611.132075471698,2379.528301886793,4085.849056603774,150,300,200,0
591,3889.557522123894,5001.592920353983,1975.221238938053,3862.477876106195,150,350,200,0
592,4352.977099236641,5348.167938931298,1657.251908396947,3680.381679389313,150,400,200,0
593,4811.980198019802,5738.910891089109,1402.673267326733,3574.950495049505,150,450,200,0
594,5016.210526315789,5440.315789473684,1937.368421052632,3086.421052631579,200,450,200,0
595,4550.238095238095,5021.587301587301,2106.984126984127,3201.825396825397,200,400,200,0
596,4096.226415094339,4614.528301886792,2398.679245283019,3377.264150943396,200,350,200,0
597,3658.027210884354,4245.714285714285,2751.700680272109,3672.517006802721,200,300,200,0
598,3230.27027027027,3897.027027027027,3146.013513513513,3933.378378378378,200,250,200,0
599,2870.094339622642,3584.056603773585,3544.622641509434,4310.094339622641,200,200,200,0
600,2553.695652173913,3338.586956521739,4013.260869565217,4690.760869565217,200,150,200,0
601,2327.872340425532,3141.063829787234,4510.0,5112.978723404255,200,100,200,0
602,2169.038461538461,3028.942307692308,5002.01923076923,5540.673076923077,200,50,200,0
603,2646.363636363636,2559.204545454545,5156.704545454545,5263.181818181818,250,50,200,0
604,2723.563218390805,2663.793103448276,4755.057471264367,4872.068965517241,250,100,200,0
605,2969.212598425197,2834.96062992126,4299.842519685039,4454.566929133858,250,150,200,0
606,3313.426573426573,3133.846153846154,3878.391608391608,4002.517482517483,250,200,200,0
607,3649.48717948718,3460.940170940171,3546.923076923077,3559.48717948718,250,250,200,0
608,4046.507936507936,3853.015873015873,3171.111111111111,3233.492063492064,250,300,200,0
609,4367.481481481482,4204.518518518518,2876.814814814815,2909.925925925926,250,350,200,0
610,4792.419354838709,4595.241935483871,2639.435483870968,2709.032258064516,250,400,200,0
611,5251.188118811881,5065.940594059406,2525.841584158416,2540.594059405941,250,450,200,0
612,5495.294117647059,4834.779411764706,2994.926470588235,2101.397058823529,300,450,200,0
613,5089.632352941177,4394.411764705882,3126.323529411765,2296.838235294118,300,400,200,0
614,4679.315068493151,3958.356164383561,3355.479452054794,2565.205479452055,300,350,200,0
615,4331.904761904761,3555.619047619048,3580.761904761905,2886.095238095238,300,300,200,0
616,4045.585585585586,3160.630630630631,3878.468468468468,3238.828828828829,300,250,200,0
617,3764.84126984127,2768.015873015873,4231.746031746032,3608.730158730159,300,200,200,0
618,3480.531914893617,2385.0,4579.468085106383,4122.553191489362,300,150,200,0
619,3316.145251396648,2151.95530726257,5017.988826815643,4536.592178770949,300,100,200,0
620,3194.700854700855,1984.957264957265,5478.205128205128,4982.478632478633,300,50,200,0
621,3717.8125,1473.75,5752.8125,4771.041666666667,350,50,200,0
622,3773.741007194245,1678.057553956834,5311.294964028777,4302.014388489209,350,100,200,0
623,3972.727272727273,1984.69696969697,4976.515151515152,3870.606060606061,350,150,200,0
624,4177.636363636364,2419.090909090909,4625.545454545455,3413.090909090909,350,200,200,0
625,4393.373493975903,2856.144578313253,4299.879518072289,2929.397590361446,350,250,200,0
626,4704.032258064516,3307.41935483871,4033.870967741936,2527.41935483871,350,300,200,0
627,5072.573099415205,3753.918128654971,3790.350877192982,2144.970760233918,350,350,200,0
628,5431.666666666667,4230.438596491228,3624.035087719298,1841.052631578947,350,400,200,0
629,5839.0,4723.384615384615,3527.0,1586.384615384615,350,450,200,0
630,6149.605263157895,4561.907894736843,4028.28947368421,1144.078947368421,400,450,200,0
631,5792.522522522522,4076.216216216216,4102.972972972973,1424.864864864865,400,400,200,0
632,5462.254901960784,3601.078431372549,4251.274509803921,1761.274509803922,400,350,200,0
633,5120.491803278688,3148.27868852459,4437.213114754099,2226.55737704918,400,300,200,0
634,4882.258064516129,2679.677419354839,4658.467741935484,2665.806451612903,400,250,200,0
635,4609.484536082474,2185.670103092783,4961.134020618557,3137.835051546392,400,200,200,0
636,4431.636363636364,1700.272727272727,5302.909090909091,3685.272727272727,400,150,200,0
637,4317.745098039216,1347.254901960784,5663.529411764706,4122.549019607844,400,100,200,0
638,4137.5,1059.886363636364,6026.590909090909,4657.386363636364,400,50,200,0
639,4625.0,675.9302325581396,6338.255813953489,4507.209302325581,450,50,200,0
640,4715.887096774193,1069.112903225806,5978.709677419355,4044.83870967742,450,100,200,0
641,4879.064748201439,1540.215827338129,5686.402877697842,3539.496402877698,450,150,200,0
642,5104.740740740741,1985.703703703704,5396.888888888889,2994.296296296296,450,200,200,0
643,5330.50505050505,2519.191919191919,5143.131313131313,2555.050505050505,450,250,200,0
644,5536.0,3048.6,4881.3,2035.8,450,300,200,0
645,5822.246376811594,3505.942028985507,4698.405797101449,1598.985507246377,450,350,200,0
646,6195.945945945946,3998.198198198198,4578.018018018018,1170.720720720721,450,400,200,0
647,6556.18320610687,4520.305343511451,4496.259541984733,834.6564885496183,450,450,200,0
